Uzélien,DESBYES,desbyes.qulk5dtv@yopmail.com,1989,Master Deux,School admin
Armel,ESCANER,escaner.sbljetzz@yopmail.com,1978,Master Deux,Teacher
Arthéus,SOETON,soeton.g8s39lcn@yopmail.com,1970,Master Un,Teacher
Célinor,VASSION,vassion.kxw3ak07@yopmail.com,1991,Master Un,Teacher
Exibert,RANEBEL,ranebel.rwtiv9l1@yopmail.com,2008,Master Deux,Teacher
Zarias,GROZES,grozes.mlpbi391@yopmail.com,2007,Master Un,Teacher
Orvil,MATUSKI,matuski.wjv3o3v5@yopmail.com,1974,Master Un,Teacher
Olézime,HANDL,handl.0bidpk01@yopmail.com,1991,Master Trois,Teacher
Aristofel,SWEINS,sweins.glwj8km0@yopmail.com,1983,Master Quatre,Teacher
Sanctinus,JANSOULE,jansoule.iobdvx2p@yopmail.com,1996,Master Quatre,Teacher
Natalis,GUITRAC,guitrac.asj2d9yj@yopmail.com,1984,Master Six,Alumni
Toussaint,JABADIE,jabadie.i6pnwjnz@yopmail.com,2009,Master Cinq,Alumni
Simion,DEPKA,depka.1akdefre@yopmail.com,2004,Master Cinq,Alumni
Arthime,GALARE,galare.xa0vfjjl@yopmail.com,2020,Master Six,Alumni
Nanias,DEPEKER,depeker.e0ctjih1@yopmail.com,1973,Master Un,Alumni
Melchior,CAILHABA,cailhaba.ns23htnt@yopmail.com,2008,Master Deux,Alumni
Ezérias,TRONQUEE,tronquee.to6s17pe@yopmail.com,1994,Master Six,Alumni
Elosien,MAUDUEL,mauduel.i4jqznjm@yopmail.com,2006,Master Un,Alumni
Siméon,ASNOU,asnou.i360p72v@yopmail.com,1978,Master Deux,Alumni
Uriel,BLAZENET,blazenet.pe1vnqt0@yopmail.com,1970,Master Deux,Alumni
Eléodor,MARLEZ,marlez.6vxm5tvq@yopmail.com,2014,Master Un,Alumni
Virginius,JOUCHON,jouchon.uf5977iy@yopmail.com,1987,Master Six,Alumni
Dalmias,LEBOUEQ,leboueq.40uoe0ay@yopmail.com,1977,Master Un,Alumni
Falmard,GOFFINER,goffiner.bkgwayaw@yopmail.com,1993,Master Six,Alumni
Timoléus,CHEVOLET,chevolet.qava6vir@yopmail.com,2018,Master Deux,Alumni
Améric,SEIGAL,seigal.nvjdocwn@yopmail.com,2024,Master Un,Student
Florion,ANGINIOT,anginiot.6qhrw3n7@yopmail.com,1983,Master Quatre,Alumni
Usélien,DECHEYER,decheyer.s3crm8zj@yopmail.com,2014,Master Cinq,Alumni
Théophidas,AURANE,aurane.2mw3ea8d@yopmail.com,2019,Master Six,Alumni
Hubald,OEHLSEN,oehlsen.gboyl6mx@yopmail.com,1984,Master Six,Alumni
Morphile,SAMPS,samps.n66tma3g@yopmail.com,2014,Master Cinq,Alumni
Elie,COUELLOU,couellou.es764l9l@yopmail.com,2017,Master Deux,Alumni
Olidias,ZUEGEL,zuegel.ex0tbgpv@yopmail.com,1982,Master Six,Alumni
Claudomer,SBRECA,sbreca.x2m55yy7@yopmail.com,1998,Master Trois,Alumni
Anistide,SPEIGER,speiger.bwn93gsx@yopmail.com,2003,Master Trois,Alumni
Béranger,AICHAM,aicham.r9vmbven@yopmail.com,2009,Master Quatre,Alumni
Cléophace,LAUDUC,lauduc.nugth1f0@yopmail.com,1976,Master Quatre,Alumni
Arvène,CREMELLE,cremelle.5fbbyica@yopmail.com,1990,Master Un,Alumni
Rufinian,GALAN,galan.xytq9wr6@yopmail.com,1971,Master Cinq,Alumni
Mélius,PUMERON,pumeron.h5pn7osw@yopmail.com,2024,Master Un,Student
Aldonias,DETHAY,dethay.981pkv07@yopmail.com,1983,Master Cinq,Alumni
Magellan,FEASSE,feasse.ba7pzso9@yopmail.com,1987,Master Quatre,Alumni
Célias,CULQUIN,culquin.cffid2y3@yopmail.com,1992,Master Trois,Alumni
Arsidien,HASSAERT,hassaert.g1imwjnb@yopmail.com,1996,Master Trois,Alumni
Sulème,GRODNIS,grodnis.o0fg4tpp@yopmail.com,1989,Master Cinq,Alumni
Enélien,AUBRUY,aubruy.cnuwwwgw@yopmail.com,2019,Master Un,Alumni
Colombert,MISSENNE,missenne.qu36ui37@yopmail.com,1985,Master Six,Alumni
Arthurus,CHIPPY,chippy.49m7rdjo@yopmail.com,1982,Master Trois,Alumni
Odiace,LAPECHIN,lapechin.0k6cpsni@yopmail.com,1980,Master Deux,Alumni
Onésippe,PEIPERS,peipers.z2m95jla@yopmail.com,2021,Master Six,Alumni
Malbert,VIGNIARD,vigniard.jq1mkd5u@yopmail.com,2018,Master Six,Alumni
Alphicius,DANROT,danrot.pwu8onph@yopmail.com,1992,Master Six,Alumni
Théolien,GROTLOH,grotloh.spnfh6fs@yopmail.com,2020,Master Six,Alumni
Cyrique,VIMEON,vimeon.lf278iyi@yopmail.com,2012,Master Six,Alumni
Edmard,NORARA,norara.63bufueb@yopmail.com,1985,Master Trois,Alumni
Odonias,ROBAND,roband.pn5ogy09@yopmail.com,2022,Master Deux,Alumni
Phédoras,DATTER,datter.z1shftgx@yopmail.com,2011,Master Six,Alumni
Odysséus,YACONY,yacony.cou4xlw2@yopmail.com,2005,Master Cinq,Alumni
Delphias,TAVESSE,tavesse.jw0rz3pz@yopmail.com,1992,Master Un,Alumni
Eraclide,FANTOUS,fantous.deu7t4bh@yopmail.com,1994,Master Six,Alumni
Albérard,WOELPERT,woelpert.ga0h2srb@yopmail.com,1983,Master Trois,Alumni
Camélius,MENDAL,mendal.8pv6te6r@yopmail.com,1980,Master Cinq,Alumni
Nicolias,COULOMBI,coulombi.mslt64vb@yopmail.com,1972,Master Un,Alumni
Ménandre,GZESNAT,gzesnat.23v6dpwc@yopmail.com,1999,Master Cinq,Alumni
Cassien,ODEAUX,odeaux.k67t6fj6@yopmail.com,1981,Master Un,Alumni
Eléazar,HORTWITZ,hortwitz.j7iyl36v@yopmail.com,1992,Master Quatre,Alumni
Médore,LEHINANN,lehinann.sqoqv2xj@yopmail.com,1997,Master Trois,Alumni
Adrianus,KOSICH,kosich.nc1bagnm@yopmail.com,2014,Master Deux,Alumni
Emeri,DANVIRAY,danviray.rhxpfrf1@yopmail.com,2004,Master Deux,Alumni
Onésius,BEFFAUT,beffaut.4gu4w8he@yopmail.com,1995,Master Trois,Alumni
Nymphéas,CARLEVAU,carlevau.k3vkzact@yopmail.com,2013,Master Quatre,Alumni
Honidas,GENAMETZ,genametz.qlq17hmn@yopmail.com,2013,Master Un,Alumni
Gaultier,RUGGERIE,ruggerie.sg4zl0l1@yopmail.com,1992,Master Un,Alumni
Hermitien,PIERLE,pierle.h09450a9@yopmail.com,2000,Master Deux,Alumni
Alcibias,SURTY,surty.szcmn1qh@yopmail.com,2021,Master Six,Alumni
Apoliard,FURNOZ,furnoz.2w7stbqe@yopmail.com,2020,Master Deux,Alumni
Adéodore,SAPELLO,sapello.1jd3qt1v@yopmail.com,2021,Master Quatre,Alumni
Cicilien,DORJAT,dorjat.eqg73cog@yopmail.com,2000,Master Quatre,Alumni
Auristin,PERRICCA,perricca.tfvqie2n@yopmail.com,2019,Master Cinq,Alumni
Floribert,LIMITRO,limitro.42hp6dmw@yopmail.com,2005,Master Cinq,Alumni
Wilberge,GUEGAUD,guegaud.bkpbhap8@yopmail.com,1997,Master Un,Alumni
Baptiste,DOCEE,docee.6atl0aka@yopmail.com,2014,Master Un,Alumni
Héliodore,LAHUGEDE,lahugede.c54o5v75@yopmail.com,2019,Master Trois,Alumni
Clébert,MOORR,moorr.68ynb2j3@yopmail.com,1993,Master Trois,Alumni
Melchior,SEYREIE,seyreie.5xuj67f3@yopmail.com,1985,Master Un,Alumni
Philogone,PERUTCHE,perutche.dvxdjpy6@yopmail.com,1972,Master Quatre,Alumni
Frédias,MOYZEN,moyzen.nibma6ca@yopmail.com,1976,Master Six,Alumni
Germain,OULTOURY,oultoury.9taimu3q@yopmail.com,1982,Master Quatre,Alumni
Viannay,EHRCT,ehrct.78qa0eu3@yopmail.com,2013,Master Un,Alumni
Mécléard,HONDEAU,hondeau.csgivhsu@yopmail.com,1978,Master Six,Alumni
Eldémire,VERDOYE,verdoye.l6tral5b@yopmail.com,1994,Master Trois,Alumni
Sanctinus,GAVIEL,gaviel.yrkg3387@yopmail.com,2022,Master Quatre,Alumni
Bélarmain,CHEVERET,cheveret.4cb2uilx@yopmail.com,2022,Master Deux,Alumni
Arséus,FLANOY,flanoy.imxqansz@yopmail.com,1971,Master Cinq,Alumni
Wuillaume,TRILLAUT,trillaut.ezuxc49q@yopmail.com,2004,Master Trois,Alumni
Clairemont,FOURLE,fourle.b10x12ow@yopmail.com,1985,Master Deux,Alumni
Hédouin,BRUZIGNA,bruzigna.kaxfy1k2@yopmail.com,2014,Master Cinq,Alumni
Frédérias,GAVANDA,gavanda.uz921722@yopmail.com,2016,Master Six,Alumni
Herménésime,GIEUSE,gieuse.qkaduzqq@yopmail.com,2014,Master Un,Alumni
Imeldas,TEURLE,teurle.x67xbsv8@yopmail.com,2004,Master Un,Alumni
Géralbert,BETEUING,beteuing.gl3pac3s@yopmail.com,1977,Master Six,Alumni
Elphondore,TETELE,tetele.yj7dhd2k@yopmail.com,1981,Master Quatre,Alumni
Exébuable,PIBIAC,pibiac.q6iy35eg@yopmail.com,1976,Master Cinq,Alumni
Valérien,GUEFIER,guefier.34zan2fd@yopmail.com,1975,Master Un,Alumni
Daméric,LACARON,lacaron.n9hc151s@yopmail.com,2024,Master Un,Student
Elphidus,ASTESANE,astesane.6ou3h8qc@yopmail.com,2008,Master Cinq,Alumni
Othello,SCHIPANE,schipane.9z04pwls@yopmail.com,2020,Master Deux,Alumni
Pamélien,DUROEUIL,duroeuil.znxdadfb@yopmail.com,2009,Master Un,Alumni
Clophidus,LOUIS,louis.ob2fb26i@yopmail.com,1982,Master Trois,Alumni
Mélas,BIVEZ,bivez.cmz17g1w@yopmail.com,1997,Master Trois,Alumni
Clavert,GUON,guon.mzmlvawq@yopmail.com,2014,Master Un,Alumni
Philonas,KOPIJAR,kopijar.bryc17bn@yopmail.com,1981,Master Cinq,Alumni
Elmirand,BRANLET,branlet.kj23xy4c@yopmail.com,2012,Master Cinq,Alumni
Cyrville,GUCROULT,gucroult.0p3hk4tb@yopmail.com,2016,Master Deux,Alumni
Finéus,LARASS,larass.swu9osht@yopmail.com,2018,Master Deux,Alumni
Christobol,PEYRAZEX,peyrazex.q639w4z1@yopmail.com,2011,Master Quatre,Alumni
Endrien,KLECKL,kleckl.7x51t44f@yopmail.com,2008,Master Cinq,Alumni
Elnodor,FAIROU,fairou.mm9qarb6@yopmail.com,2006,Master Quatre,Alumni
Zéphir,FEZET,fezet.s1jt3zrs@yopmail.com,2001,Master Un,Alumni
Bélonias,SENNEZI,sennezi.95mu3779@yopmail.com,1994,Master Un,Alumni
Abdon,BARTINES,bartines.rkvgz6kv@yopmail.com,1975,Master Deux,Alumni
Miremont,FRIESTCH,friestch.79bm1sd6@yopmail.com,2014,Master Quatre,Alumni
Clodémire,COUMAGNE,coumagne.7mmhpbe2@yopmail.com,1998,Master Quatre,Alumni
Moinel,HENNAH,hennah.wu56l4g1@yopmail.com,2013,Master Un,Alumni
Adémar,BOERKER,boerker.k95re1eb@yopmail.com,2010,Master Six,Alumni
Virginius,CASALOU,casalou.qtxw8rh8@yopmail.com,1993,Master Six,Alumni
Dosilius,HASSELET,hasselet.3cd8itef@yopmail.com,2021,Master Six,Alumni
Herménégilde,BUISFELD,buisfeld.xt2kfy5c@yopmail.com,1974,Master Deux,Alumni
Emensias,GABREDU,gabredu.j11pbvxa@yopmail.com,1972,Master Cinq,Alumni
Féréole,NATTI,natti.suqztn0c@yopmail.com,1996,Master Un,Alumni
Maubert,SABORIC,saboric.mjftdru5@yopmail.com,2001,Master Un,Alumni
Onésidore,MOMAILLE,momaille.u66mbhqh@yopmail.com,1973,Master Deux,Alumni
Thorion,KOGONSON,kogonson.7lnyv2xn@yopmail.com,1972,Master Six,Alumni
Emidor,RAVENAUT,ravenaut.wwvqbmjb@yopmail.com,2007,Master Trois,Alumni
Emogène,DALORSE,dalorse.t8bru3kj@yopmail.com,1975,Master Six,Alumni
Galtrand,LADOME,ladome.4mkaomni@yopmail.com,2019,Master Un,Alumni
Héribert,PEAUL,peaul.qejnjst5@yopmail.com,1973,Master Trois,Alumni
Fleurencien,BAURELLY,baurelly.io84otwo@yopmail.com,1995,Master Six,Alumni
Giraudias,HORTOLOU,hortolou.82laqvqq@yopmail.com,2003,Master Quatre,Alumni
Clémentin,BEKEA,bekea.anqdbcpl@yopmail.com,2005,Master Un,Alumni
Théodoris,HODUM,hodum.dg1xh2dn@yopmail.com,2012,Master Quatre,Alumni
Fidélius,KLEINKE,kleinke.ngcreddp@yopmail.com,1981,Master Six,Alumni
Théonias,CRAMENZ,cramenz.z5klloyt@yopmail.com,2021,Master Deux,Alumni
Evaniste,CRUIECHI,cruiechi.ow72wlhg@yopmail.com,2009,Master Un,Alumni
Hildebrod,CAMIET,camiet.pt7umtvv@yopmail.com,1995,Master Cinq,Alumni
Ildore,PARIARD,pariard.kq6oq8vi@yopmail.com,2022,Master Quatre,Alumni
Mistrain,GREPLAT,greplat.nhekmgoe@yopmail.com,1987,Master Trois,Alumni
Hiérosme,WYLEMAN,wyleman.67cvski2@yopmail.com,2011,Master Six,Alumni
Wilberge,SAUSEPEE,sausepee.66iu9nzf@yopmail.com,1987,Master Cinq,Alumni
Euphème,KRZYNSKA,krzynska.6h3aepnj@yopmail.com,2006,Master Un,Alumni
Anistide,SIALLES,sialles.1662h7fx@yopmail.com,1970,Master Trois,Alumni
Harménias,BOLLEND,bollend.3nu490up@yopmail.com,2019,Master Cinq,Alumni
Eliace,GECSO,gecso.v56rj7yh@yopmail.com,1971,Master Quatre,Alumni
Alberic,MERTY,merty.kk7q16x6@yopmail.com,1991,Master Cinq,Alumni
Héliodor,VILLONET,villonet.440fyh4o@yopmail.com,1983,Master Six,Alumni
Rosilien,CLUDI,cludi.mbsgrrso@yopmail.com,1983,Master Cinq,Alumni
Godiste,CORNILLO,cornillo.2e6iu3f3@yopmail.com,1979,Master Un,Alumni
Alixtide,BARTHIS,barthis.kdtju4a1@yopmail.com,2010,Master Deux,Alumni
Artémias,DARYAN,daryan.5krs1k0d@yopmail.com,1988,Master Trois,Alumni
Provin,OZARIL,ozaril.58q0g82t@yopmail.com,1994,Master Trois,Alumni
Olivain,DERYCHER,derycher.cf9tis4s@yopmail.com,2024,Master Six,Student
Elmérien,DRUNAY,drunay.f9z2pt8y@yopmail.com,1997,Master Trois,Alumni
Egelmond,FERALDI,feraldi.6g81fd5y@yopmail.com,1993,Master Quatre,Alumni
Exulpère,NARMES,narmes.82qu1utx@yopmail.com,2004,Master Quatre,Alumni
Phédoras,CROMBIN,crombin.fli2anw0@yopmail.com,1996,Master Deux,Alumni
Ferdinard,DIGNAVIE,dignavie.p1duslcc@yopmail.com,1999,Master Trois,Alumni
Andonias,BLAUZAT,blauzat.jlqtkmr8@yopmail.com,2005,Master Un,Alumni
Emilian,BURCY,burcy.zkc67zh6@yopmail.com,1993,Master Un,Alumni
Théophore,GARBOUD,garboud.13xmoy9m@yopmail.com,1976,Master Quatre,Alumni
Arsidias,RICHERIO,richerio.nql991on@yopmail.com,2009,Master Un,Alumni
Eudémias,VOWINKEL,vowinkel.xy67097d@yopmail.com,2017,Master Deux,Alumni
Arsédus,DARETZ,daretz.0k2nazf5@yopmail.com,2021,Master Trois,Alumni
Orédore,DORAWA,dorawa.5w7oju7j@yopmail.com,2004,Master Deux,Alumni
Euphémien,VILHEIN,vilhein.nnmp9shm@yopmail.com,2010,Master Deux,Alumni
Fauquier,DELBOUS,delbous.sq0ni01v@yopmail.com,1972,Master Deux,Alumni
Claudius,BOUTAUX,boutaux.8zh789rw@yopmail.com,1977,Master Quatre,Alumni
Arthime,MEYSSE,meysse.1y7l5vp7@yopmail.com,1996,Master Cinq,Alumni
Edouardien,GROUELT,grouelt.z74syn61@yopmail.com,1980,Master Cinq,Alumni
Tertulius,ARDICHON,ardichon.6h1v5tkt@yopmail.com,1992,Master Un,Alumni
Dorimond,LEVALUEZ,levaluez.3irwoenw@yopmail.com,1978,Master Quatre,Alumni
Valbon,BURIQUET,buriquet.d16csd2q@yopmail.com,1997,Master Six,Alumni
Almédé,TOLOMEA,tolomea.9f4jln8o@yopmail.com,2007,Master Trois,Alumni
Olibert,TINNITTE,tinnitte.sm3ew4b2@yopmail.com,2010,Master Un,Alumni
Bertalbert,GUERTIER,guertier.i0z0lney@yopmail.com,1977,Master Quatre,Alumni
Philodius,MOLINAT,molinat.gh8kvmqh@yopmail.com,2006,Master Deux,Alumni
Wildas,LANROUE,lanroue.y08gggp1@yopmail.com,1986,Master Deux,Alumni
Alphicius,GRASMUCH,grasmuch.0i0o33o8@yopmail.com,2013,Master Cinq,Alumni
Rodénias,FLANIERE,flaniere.3381s64i@yopmail.com,1998,Master Quatre,Alumni
Théonis,SUVERTIN,suvertin.dzvs31iu@yopmail.com,1976,Master Un,Alumni
Aldermard,LUSTIER,lustier.uxs7qz5z@yopmail.com,1979,Master Un,Alumni
Corentin,WISCHNID,wischnid.rvel2q8j@yopmail.com,1972,Master Un,Alumni
Eusalias,DELVOYO,delvoyo.p0ypchxg@yopmail.com,2006,Master Un,Alumni
Doricien,BECOND,becond.79mb8gm8@yopmail.com,1976,Master Un,Alumni
Honorien,LARIBES,laribes.jdy0p5hy@yopmail.com,2023,Master Six,Alumni
Mildor,GONDAER,gondaer.xvijqp61@yopmail.com,2023,Master Cinq,Alumni
Marchildor,MITERE,mitere.0xsc1wqg@yopmail.com,2018,Master Quatre,Alumni
Odénias,BOUCKNER,bouckner.ftl8z19h@yopmail.com,1992,Master Deux,Alumni
Ganelon,PERILLET,perillet.o47lroro@yopmail.com,2020,Master Quatre,Alumni
Exélime,MEYNERIE,meynerie.7184p7kx@yopmail.com,1987,Master Deux,Alumni
Néciphore,NERONESE,neronese.wod6nqk0@yopmail.com,1989,Master Quatre,Alumni
Montalbert,KLEMPT,klempt.2zee08gf@yopmail.com,1993,Master Deux,Alumni
Acadius,DAPRELO,daprelo.rh4vz9px@yopmail.com,1985,Master Trois,Alumni
Montalbert,VIEHL,viehl.vr9yixbl@yopmail.com,1988,Master Six,Alumni
Validore,POISSON,poisson.q6eukd2p@yopmail.com,1991,Master Quatre,Alumni
Eustrade,IREGARY,iregary.2xohr3a7@yopmail.com,2009,Master Deux,Alumni
Pulchérius,CHARLIP,charlip.rwq3x0sk@yopmail.com,2008,Master Un,Alumni
Cyrénien,DAMEAUX,dameaux.03vliaby@yopmail.com,1979,Master Trois,Alumni
Christophède,JAIMERA,jaimera.n6djtpep@yopmail.com,1984,Master Quatre,Alumni
Aimédor,BELHAITS,belhaits.imt86who@yopmail.com,2015,Master Six,Alumni
Floridias,VERVADAT,vervadat.jmmwxa4j@yopmail.com,1983,Master Un,Alumni
Balsimé,NEUDOLD,neudold.bl275sjo@yopmail.com,2019,Master Trois,Alumni
Athaniel,GESRY,gesry.ndnc0pln@yopmail.com,2003,Master Cinq,Alumni
Calisthème,MOROWSKI,morowski.0a5o17ly@yopmail.com,2009,Master Six,Alumni
Roselphe,ESPIAD,espiad.jpfgp06y@yopmail.com,2014,Master Cinq,Alumni
Clarenthe,BEULY,beuly.bkupx720@yopmail.com,2017,Master Cinq,Alumni
Méridas,REYHER,reyher.i0ob3ihk@yopmail.com,1971,Master Deux,Alumni
Exilime,DINIO,dinio.cwfq003x@yopmail.com,1974,Master Cinq,Alumni
Algueric,ZACCOLA,zaccola.i7duawxn@yopmail.com,1992,Master Trois,Alumni
Cassien,CRUSS,cruss.vqnzmdl1@yopmail.com,1976,Master Trois,Alumni
Artus,HONFRAD,honfrad.cnki1x38@yopmail.com,2003,Master Deux,Alumni
Hédard,AUGUSTIN,augustin.y65ujcxn@yopmail.com,2005,Master Six,Alumni
Enéas,DUMOUD,dumoud.vx44d1kn@yopmail.com,2011,Master Trois,Alumni
Honorias,LOPIPE,lopipe.s82yijrj@yopmail.com,1979,Master Deux,Alumni
Onéciphore,GUENEASE,guenease.e4wu2c84@yopmail.com,1972,Master Quatre,Alumni
Cléaphus,ZORNKAU,zornkau.lwf9rh8h@yopmail.com,2021,Master Quatre,Alumni
Almidor,POURCAIN,pourcain.fk1zzuis@yopmail.com,1976,Master Six,Alumni
Basin,GARENU,garenu.p54h5p0e@yopmail.com,1976,Master Deux,Alumni
Basiliste,DOLONNET,dolonnet.sli4udla@yopmail.com,2021,Master Trois,Alumni
Nazarin,WISOCQ,wisocq.wvbedrqt@yopmail.com,1975,Master Quatre,Alumni
Eusèphe,NICKAS,nickas.tgsdza0o@yopmail.com,1996,Master Trois,Alumni
Edaire,PERRUSET,perruset.hedsdra7@yopmail.com,2018,Master Un,Alumni
Vitélien,LESCEUR,lesceur.a7k0jtdw@yopmail.com,2008,Master Un,Alumni
Gordias,ERNEVEIN,ernevein.fygsh1ga@yopmail.com,2009,Master Deux,Alumni
Nelphus,LOUBIET,loubiet.2x2anxrf@yopmail.com,2019,Master Trois,Alumni
Flavian,SEZNCE,seznce.ndx9k1qx@yopmail.com,1972,Master Cinq,Alumni
Isodore,BONOCIO,bonocio.k6zbixid@yopmail.com,2010,Master Six,Alumni
Roméus,HOUMANS,houmans.r0xz0dba@yopmail.com,1992,Master Quatre,Alumni
Naubert,LEDRONEY,ledroney.t6jg9n33@yopmail.com,1981,Master Quatre,Alumni
Damias,SENEMONT,senemont.z9upfscc@yopmail.com,2006,Master Quatre,Alumni
Arville,GARMAUD,garmaud.lp0w1pq2@yopmail.com,1984,Master Deux,Alumni
Agéric,NEHEMIAS,nehemias.zs6g1koh@yopmail.com,1992,Master Six,Alumni
Irmand,BEAGRE,beagre.k62mav7b@yopmail.com,1991,Master Quatre,Alumni
Alphonsor,BARCELOU,barcelou.6zpqm2e1@yopmail.com,2003,Master Deux,Alumni
Thédésias,CERNOJA,cernoja.3xl4k3tp@yopmail.com,2010,Master Trois,Alumni
Cazeneuve,TREPHEL,trephel.4cmyoqov@yopmail.com,2015,Master Deux,Alumni
Delvinien,UTRE,utre.la2bv6ms@yopmail.com,2000,Master Deux,Alumni
Harmile,GENESTI,genesti.oq5bg93o@yopmail.com,1979,Master Trois,Alumni
Olivain,DOUVAINT,douvaint.o3huvyt5@yopmail.com,2006,Master Trois,Alumni
Valéandre,CHETTGEN,chettgen.pxo54gm6@yopmail.com,2018,Master Quatre,Alumni
Oridien,TUNSCH,tunsch.m6ulmqeb@yopmail.com,2021,Master Six,Alumni
Axellus,JAUDRANT,jaudrant.uy3jhtxc@yopmail.com,2009,Master Quatre,Alumni
Procalus,LEBERNE,leberne.ewiix709@yopmail.com,2000,Master Six,Alumni
Sabinus,KUSSE,kusse.by6v3z63@yopmail.com,1997,Master Quatre,Alumni
Gatien,JONCHE,jonche.t6k1x7ac@yopmail.com,2023,Master Cinq,Alumni
Sigibert,BONINGER,boninger.8l17g21b@yopmail.com,1988,Master Un,Alumni
Théonicias,MAGEUR,mageur.aph185hj@yopmail.com,1975,Master Deux,Alumni
Moinel,BRAQUERE,braquere.imb89pu1@yopmail.com,1980,Master Un,Alumni
Nactaire,ANGIREAU,angireau.9uv91er6@yopmail.com,2017,Master Six,Alumni
Nathaël,DECREAND,decreand.9zccdjht@yopmail.com,1979,Master Un,Alumni
Ionas,SCOLLAN,scollan.279od27n@yopmail.com,2012,Master Quatre,Alumni
Horidore,VERHEUST,verheust.76413y71@yopmail.com,2009,Master Cinq,Alumni
Berthimé,THUBURS,thuburs.5tdzmnrq@yopmail.com,2001,Master Cinq,Alumni
Taxile,FAVAREN,favaren.do4tiv5j@yopmail.com,1987,Master Six,Alumni
Babylas,DENOAL,denoal.u61z0frp@yopmail.com,1970,Master Quatre,Alumni
Alfred,CAMREDOU,camredou.2juilutt@yopmail.com,1983,Master Un,Alumni
Aldéus,RONJEAU,ronjeau.l81857y8@yopmail.com,1975,Master Un,Alumni
Salomon,REAVET,reavet.0lx05j9f@yopmail.com,1994,Master Deux,Alumni
Héméric,COUGINIE,couginie.ribf54li@yopmail.com,1981,Master Six,Alumni
Honoreas,CENEY,ceney.osta3yb8@yopmail.com,1990,Master Deux,Alumni
Cyrice,REYAND,reyand.0elvzf62@yopmail.com,2010,Master Six,Alumni
Nataniel,DEMELEN,demelen.bb086it8@yopmail.com,2004,Master Six,Alumni
Aldorius,GUICLEN,guiclen.lrspqd38@yopmail.com,1995,Master Cinq,Alumni
Helmond,FAIERTAK,faiertak.khcolkqz@yopmail.com,2017,Master Trois,Alumni
Philadore,FLOETHER,floether.nrhdke6m@yopmail.com,2018,Master Six,Alumni
Hédélien,DROYERS,droyers.0l7myo04@yopmail.com,2008,Master Deux,Alumni
Guilain,PARDOUSE,pardouse.4f8ur4h3@yopmail.com,2017,Master Quatre,Alumni
Dambroise,ERCLET,erclet.d22j08g8@yopmail.com,2002,Master Cinq,Alumni
Honorade,BOU-EXEL,bou-exel.ovn9xcvv@yopmail.com,1996,Master Cinq,Alumni
Théodonias,YLLOIS,yllois.5ftbdahi@yopmail.com,2007,Master Six,Alumni
Alzidore,VANCURA,vancura.i1fd93sv@yopmail.com,1989,Master Un,Alumni
Paulin,AUBRIAC,aubriac.99in67o9@yopmail.com,2021,Master Trois,Alumni
Romilde,VAUDEVEN,vaudeven.02m70px3@yopmail.com,1998,Master Un,Alumni
Mandius,OCASIAN,ocasian.mhjo1xw4@yopmail.com,2009,Master Six,Alumni
Ezechias,LANDAID,landaid.xa0ihcae@yopmail.com,2023,Master Trois,Alumni
Arthime,ALBENGRE,albengre.2h2io3db@yopmail.com,1974,Master Cinq,Alumni
Elézeard,COLINAUD,colinaud.xo5nizbl@yopmail.com,1973,Master Cinq,Alumni
Palatien,WINGEN,wingen.6kl9mf5w@yopmail.com,1984,Master Trois,Alumni
Malvirin,SOPATRE,sopatre.j3ewbywf@yopmail.com,1980,Master Un,Alumni
Abudéus,NORTHUMB,northumb.hc90dtxb@yopmail.com,1991,Master Un,Alumni
Hélien,DAYZIOU,dayziou.9rfnoncy@yopmail.com,2024,Master Six,Student
Thénonilde,HOUSCHT,houscht.vqou2hbl@yopmail.com,2022,Master Trois,Alumni
Cuthebert,DUROCHAS,durochas.ngkhej5e@yopmail.com,1993,Master Un,Alumni
Niophile,BANOY,banoy.0xxdc45o@yopmail.com,2006,Master Six,Alumni
Edicias,FALTREP,faltrep.q2o567ql@yopmail.com,1980,Master Quatre,Alumni
Adolinas,ROUTIAU,routiau.jkdj11i7@yopmail.com,1976,Master Quatre,Alumni
Arthénias,WERNDLI,werndli.nc2ror96@yopmail.com,1992,Master Cinq,Alumni
Fidélin,BACIE,bacie.ez37su2t@yopmail.com,1984,Master Cinq,Alumni
Philoclès,HANIET,haniet.4436kegz@yopmail.com,2005,Master Six,Alumni
Egédius,BOEHNERT,boehnert.dv6tivtt@yopmail.com,1978,Master Un,Alumni
Ophilien,GARRETIS,garretis.1yyuine6@yopmail.com,1989,Master Six,Alumni
Accasius,LEGAUDIN,legaudin.t9t89m4s@yopmail.com,2000,Master Cinq,Alumni
Filias,CLAIRT,clairt.xl38iapp@yopmail.com,2002,Master Six,Alumni
Xalème,LANPRETE,lanprete.er2m2fxu@yopmail.com,1972,Master Un,Alumni
Odoric,MARIOO,marioo.o8jjd5rc@yopmail.com,2015,Master Deux,Alumni
Ménodore,BREMMES,bremmes.i3mic84s@yopmail.com,2014,Master Six,Alumni
Hydulphe,CHILONET,chilonet.b2ht7zu6@yopmail.com,1988,Master Trois,Alumni
Waldeck,DHYS,dhys.vuecq1tv@yopmail.com,2017,Master Trois,Alumni
Williebrod,PRAHMANN,prahmann.g7bhzskp@yopmail.com,1978,Master Deux,Alumni
Prisce,IRVILLE,irville.xj7dcqyp@yopmail.com,1985,Master Six,Alumni
Dolmaire,CHANCARD,chancard.fbizohxt@yopmail.com,2005,Master Quatre,Alumni
Fermilien,CANDURA,candura.84l2du1f@yopmail.com,1983,Master Cinq,Alumni
Edialbert,SUSLIK,suslik.kt14oo9j@yopmail.com,1977,Master Cinq,Alumni
Albertius,SEYBOTH,seyboth.zfuzr7ij@yopmail.com,2023,Master Deux,Alumni
Féréaud,TEBES,tebes.3xdo96mu@yopmail.com,1980,Master Un,Alumni
Armélus,RISONI,risoni.su0cnlra@yopmail.com,1991,Master Six,Alumni
Hildebert,BETTBEZE,bettbeze.pz5p2zhe@yopmail.com,2008,Master Trois,Alumni
Mathédée,SELNIO,selnio.0r74dfq6@yopmail.com,1986,Master Six,Alumni
Idace,FONLIT,fonlit.5br87hfq@yopmail.com,1984,Master Cinq,Alumni
Mélorien,DUTRIAUD,dutriaud.tizm4di2@yopmail.com,2017,Master Six,Alumni
Thadéus,PEVREAUD,pevreaud.sdw9v1yg@yopmail.com,2009,Master Six,Alumni
Hervilien,GIEBING,giebing.kaoxv8ch@yopmail.com,2016,Master Cinq,Alumni
Floridias,CAUTONEA,cautonea.ppnnuepq@yopmail.com,2004,Master Six,Alumni
Cornélias,GELDRICH,geldrich.qpuhw06f@yopmail.com,1982,Master Trois,Alumni
Céleste,BERNOL,bernol.pvnih3hk@yopmail.com,1972,Master Quatre,Alumni
Adelphus,ALIROLE,alirole.szl7uez0@yopmail.com,2019,Master Cinq,Alumni
Albert,CRAMENZ,cramenz.opqu32pb@yopmail.com,2023,Master Quatre,Alumni
Edonia,SEHLKE,sehlke.ffepdxi5@yopmail.com,2014,Master Cinq,Alumni
Dalmias,NUTZEL,nutzel.iw9kktx1@yopmail.com,2010,Master Six,Alumni
Armédias,DAZILLE,dazille.re4z0js9@yopmail.com,1974,Master Deux,Alumni
idelbert,EDWABSKI,edwabski.ymzrli87@yopmail.com,1976,Master Quatre,Alumni
Venant,DUVAULDY,duvauldy.ditw704f@yopmail.com,1971,Master Trois,Alumni
Pierremont,KALSTEIN,kalstein.w91qv6es@yopmail.com,2009,Master Cinq,Alumni
Aubélien,FORGIER,forgier.0bgrvd9s@yopmail.com,1997,Master Trois,Alumni
Nolance,HASEMANS,hasemans.jtg2kp5h@yopmail.com,1980,Master Cinq,Alumni
Orvil,TEMERAT,temerat.zj4v8azy@yopmail.com,1992,Master Quatre,Alumni
Milburge,TREALEN,trealen.0q6m74po@yopmail.com,2016,Master Deux,Alumni
Arthémias,OUFFREAU,ouffreau.jjjgsilu@yopmail.com,2002,Master Un,Alumni
Clovias,PJANTEK,pjantek.p8ntf1cp@yopmail.com,2005,Master Un,Alumni
Olivald,STROLL,stroll.3abczv38@yopmail.com,2022,Master Cinq,Alumni
Mathéas,DROPPIER,droppier.mnavk2i3@yopmail.com,2012,Master Cinq,Alumni
Albondius,NIGUEUX,nigueux.igq6y4rq@yopmail.com,2015,Master Six,Alumni
Travalin,FIESSLER,fiessler.4e1c6b83@yopmail.com,2009,Master Cinq,Alumni
Elcias,BILONNET,bilonnet.sgluo04t@yopmail.com,2018,Master Quatre,Alumni
Maxire,DASRO,dasro.1hwo9dj3@yopmail.com,2021,Master Trois,Alumni
Hédélien,GOEBS,goebs.hdcfjdyg@yopmail.com,2007,Master Cinq,Alumni
Euphédime,PANOULLE,panoulle.faf3pov5@yopmail.com,1997,Master Deux,Alumni
Philoxime,JANSLIN,janslin.jvt2l1ms@yopmail.com,1976,Master Un,Alumni
Héraclus,OSTOLOZA,ostoloza.5gmxyfpm@yopmail.com,2018,Master Deux,Alumni
Gémus,LAGRADE,lagrade.uohwzbpx@yopmail.com,2023,Master Trois,Alumni
Frédonat,HIFFLING,hiffling.46my1cu7@yopmail.com,1991,Master Trois,Alumni
Dorald,GUEUBRY,gueubry.ihjff91g@yopmail.com,2003,Master Cinq,Alumni
Agapien,ABERAN,aberan.43xcfdpy@yopmail.com,1985,Master Trois,Alumni
Ernestide,AHRENDS,ahrends.pke34eti@yopmail.com,2005,Master Un,Alumni
Gendron,QUINIC,quinic.4zlcr4v9@yopmail.com,1982,Master Un,Alumni
Osinius,KESLERR,keslerr.sbl2maf9@yopmail.com,1997,Master Quatre,Alumni
Henrius,HAUSBECK,hausbeck.v1m8lr1s@yopmail.com,1993,Master Un,Alumni
Théophidor,HAEDE,haede.5padeft1@yopmail.com,1996,Master Un,Alumni
Albénic,TEAULT,teault.qm0fta4k@yopmail.com,2008,Master Quatre,Alumni
Usélien,HUEGEL,huegel.91i5oknq@yopmail.com,2021,Master Trois,Alumni
Félisbert,WAREWYCK,warewyck.h2vrjvq4@yopmail.com,1976,Master Un,Alumni
Potentien,DELARZE,delarze.mqeqhcuu@yopmail.com,1996,Master Deux,Alumni
Arthimas,GAUSBERT,gausbert.9qzqwyat@yopmail.com,2020,Master Deux,Alumni
Ulride,CESSINAT,cessinat.v5bsfzsg@yopmail.com,1980,Master Cinq,Alumni
Philomon,DREESER,dreeser.72iwmaf5@yopmail.com,2023,Master Cinq,Alumni
Socrate,DEXLAIS,dexlais.x9vphr52@yopmail.com,2005,Master Un,Alumni
Syrias,VOPPER,vopper.2n6y9eo3@yopmail.com,1992,Master Cinq,Alumni
Alceste,BOGARAD,bogarad.mdgdbzb3@yopmail.com,1983,Master Trois,Alumni
Virginias,GOUTETS,goutets.hi4jrrw9@yopmail.com,2007,Master Cinq,Alumni
Thimoléus,OLAPONT,olapont.r1xy7uaw@yopmail.com,1976,Master Quatre,Alumni
Sylbert,FOUGHEON,fougheon.fngvlqxa@yopmail.com,1983,Master Trois,Alumni
Doréan,ARMISIN,armisin.91etazj8@yopmail.com,1990,Master Cinq,Alumni
Florival,DUGELBY,dugelby.2u13qj74@yopmail.com,2024,Master Trois,Student
Arnault,LOSAHIC,losahic.j65ycxfw@yopmail.com,2000,Master Quatre,Alumni
Zélius,GOUPILH,goupilh.he66rfn1@yopmail.com,1988,Master Deux,Alumni
Philoxime,CHABAIEX,chabaiex.ojnxv5g4@yopmail.com,2022,Master Six,Alumni
Fénélon,BAHUAN,bahuan.6njw8hhy@yopmail.com,2011,Master Trois,Alumni
Phédor,BRAINNER,brainner.8eous3r5@yopmail.com,2004,Master Cinq,Alumni
Zénoride,VANHEEDE,vanheede.77b99huq@yopmail.com,2004,Master Quatre,Alumni
Agathon,AZCLART,azclart.2pi7e6ua@yopmail.com,2007,Master Six,Alumni
Fabricien,RIVALAVI,rivalavi.d51qyrhv@yopmail.com,1993,Master Un,Alumni
Glorieux,ZIRKINE,zirkine.b4vi1t3n@yopmail.com,1998,Master Deux,Alumni
Euphrosime,DEFENAIN,defenain.zblrmqim@yopmail.com,1987,Master Quatre,Alumni
Ephémius,FUMANALE,fumanale.2fu0uwh6@yopmail.com,1986,Master Un,Alumni
Syrias,BENZATO,benzato.06yadau6@yopmail.com,2003,Master Un,Alumni
Cassien,THEYSNOT,theysnot.w64nh2qj@yopmail.com,2002,Master Quatre,Alumni
Maynard,POUMMIER,poummier.j4jsr60b@yopmail.com,1987,Master Trois,Alumni
Alisius,TRIBOR,tribor.gpph2jc7@yopmail.com,1988,Master Trois,Alumni
Heldiveret,QUITERE,quitere.wsi1ywde@yopmail.com,2015,Master Six,Alumni
Célérien,AILLIER,aillier.si1r7xxk@yopmail.com,2022,Master Deux,Alumni
Victorien,AUGEAS,augeas.3etlip0d@yopmail.com,2018,Master Cinq,Alumni
Manéus,MACOQ,macoq.5iis21ou@yopmail.com,1980,Master Quatre,Alumni
Théodias,GAUGIRON,gaugiron.tmi675y4@yopmail.com,2009,Master Cinq,Alumni
Erdias,CONITOT,conitot.fz0u4gkk@yopmail.com,2009,Master Quatre,Alumni
Francius,DITTAMO,dittamo.ns4di1qw@yopmail.com,2017,Master Deux,Alumni
Axède,ODELAY,odelay.43mfa6sx@yopmail.com,1974,Master Six,Alumni
Arnel,LHOGER,lhoger.j3i9bjsx@yopmail.com,2023,Master Quatre,Alumni
Macéus,NASTROUX,nastroux.tqbdkjxr@yopmail.com,2000,Master Un,Alumni
Arthène,SAMARUS,samarus.ptm3lqp5@yopmail.com,1998,Master Trois,Alumni
Onicias,MARMUZE,marmuze.spyjuhq4@yopmail.com,2010,Master Deux,Alumni
Aléandre,GLEU,gleu.4avqw38j@yopmail.com,1991,Master Un,Alumni
Issadore,GUELAS,guelas.22adhdmf@yopmail.com,1983,Master Six,Alumni
Arsédias,OILLA,oilla.snuqc08k@yopmail.com,2014,Master Cinq,Alumni
Florantin,BITOURNE,bitourne.qloqn5dr@yopmail.com,1988,Master Six,Alumni
Angélius,KIRZBLUM,kirzblum.nh77qt7w@yopmail.com,1998,Master Un,Alumni
Cléophas,CENQUIN,cenquin.au9yp5ul@yopmail.com,1986,Master Trois,Alumni
Merville,AVENENGO,avenengo.veb9utek@yopmail.com,1976,Master Trois,Alumni
Gélasius,MESSMANN,messmann.j23no9ea@yopmail.com,2020,Master Un,Alumni
Arguelbert,KAUTZER,kautzer.q7loxqgp@yopmail.com,1983,Master Un,Alumni
Belmont,DELAMS,delams.t6b2p86m@yopmail.com,1970,Master Cinq,Alumni
Hydime,RICHTTER,richtter.mlaxw6ug@yopmail.com,1999,Master Deux,Alumni
Octave,PLAGNOS,plagnos.3fd7s3sq@yopmail.com,1987,Master Six,Alumni
Victorius,DARDOUX,dardoux.gtpu6wi6@yopmail.com,1985,Master Six,Alumni
Huberville,GOCHI,gochi.dpg700bt@yopmail.com,1974,Master Quatre,Alumni
Doréus,BAUDIVIT,baudivit.r9te2beq@yopmail.com,1992,Master Cinq,Alumni
Anestas,ERMIRIO,ermirio.pa9alchu@yopmail.com,1986,Master Six,Alumni
Imeldard,LIBESSAT,libessat.a5wo5gby@yopmail.com,1975,Master Quatre,Alumni
Henrien,GRIVOD,grivod.cfz5q0ch@yopmail.com,1977,Master Trois,Alumni
Hypolite,MANTEFS,mantefs.hzidg9kf@yopmail.com,1991,Master Deux,Alumni
Gabélus,ESNE,esne.y6cyrdsz@yopmail.com,2012,Master Trois,Alumni
Colbin,CHILVERS,chilvers.mnzaj9wd@yopmail.com,1986,Master Quatre,Alumni
Généffard,RIVEYROL,riveyrol.es30ud1j@yopmail.com,2024,Master Deux,Student
Vildace,LIPELIS,lipelis.warz1ycf@yopmail.com,2002,Master Deux,Alumni
Aglébert,MASSOD,massod.xj1ejkld@yopmail.com,2022,Master Quatre,Alumni
Narcius,ALOYD,aloyd.tfj5dm1o@yopmail.com,1982,Master Trois,Alumni
Eudovic,GIROTE,girote.e65so6fj@yopmail.com,2002,Master Six,Alumni
Philorien,CABIERES,cabieres.ausdgtpc@yopmail.com,2014,Master Un,Alumni
Fernandeau,LOSMAZ,losmaz.gx1bozan@yopmail.com,2020,Master Un,Alumni
Ephédius,HABAUS,habaus.yxfqt5zz@yopmail.com,2004,Master Cinq,Alumni
Théophrade,GODAED,godaed.g3xt45cz@yopmail.com,2004,Master Six,Alumni
Arsène,ATHELME,athelme.nf20ag7g@yopmail.com,2014,Master Trois,Alumni
Velmont,VUTANAY,vutanay.nfq0ygzh@yopmail.com,1970,Master Cinq,Alumni
Margelain,NAYOSE,nayose.mjia7dx2@yopmail.com,1980,Master Six,Alumni
Héméric,BERCIL,bercil.eutfp1qs@yopmail.com,1984,Master Six,Alumni
Alarias,CERBETTE,cerbette.6c6wcdmg@yopmail.com,2004,Master Quatre,Alumni
Emard,THABIERE,thabiere.iyxujdbm@yopmail.com,1972,Master Trois,Alumni
Théophidias,TAUPIED,taupied.wbkgc5u9@yopmail.com,1982,Master Un,Alumni
Philorin,SARFARTH,sarfarth.pcnwqsp1@yopmail.com,1980,Master Quatre,Alumni
Hémélien,FEUGARS,feugars.lekbtwd0@yopmail.com,1988,Master Quatre,Alumni
Gaston,RAILHAN,railhan.q4oqzitm@yopmail.com,1991,Master Deux,Alumni
Marick,CIGUI,cigui.t4unygma@yopmail.com,2008,Master Trois,Alumni
Elésiphore,EYWINGER,eywinger.qhzwlmxk@yopmail.com,2002,Master Un,Alumni
Médric,BALDOUF,baldouf.5brwew3n@yopmail.com,1979,Master Un,Alumni
Valain,VIDIR,vidir.bjwj9hgo@yopmail.com,2022,Master Cinq,Alumni
Eldéor,MALHON,malhon.80sapgh6@yopmail.com,1970,Master Quatre,Alumni
Manfrédo,DERAULOT,deraulot.gbmsnerr@yopmail.com,2018,Master Deux,Alumni
Priscien,SANVAL,sanval.g7pxpdgo@yopmail.com,1986,Master Trois,Alumni
Agapius,GUINOUEL,guinouel.ccfd32m9@yopmail.com,2017,Master Six,Alumni
Florin,DENOPS,denops.x9vogh2d@yopmail.com,2018,Master Six,Alumni
Euchariste,SARAIRA,saraira.wd0zrxq2@yopmail.com,2024,Master Six,Student
Fédélio,BONNERAS,bonneras.8zr1em4r@yopmail.com,1992,Master Six,Alumni
Enélias,POMICON,pomicon.06iga006@yopmail.com,1982,Master Six,Alumni
Sylvénius,CHENTAL,chental.bpuz19ws@yopmail.com,2010,Master Trois,Alumni
Gildard,WITZLER,witzler.39eq93vc@yopmail.com,1995,Master Trois,Alumni
Fulbert,HEYDKAMP,heydkamp.8wgi0hvm@yopmail.com,2003,Master Deux,Alumni
Absolon,NADERAS,naderas.o23c5ad1@yopmail.com,2022,Master Un,Alumni
Tiberge,NIKOLODI,nikolodi.b6lyb2g9@yopmail.com,2006,Master Deux,Alumni
Valmont,LHOM,lhom.s1pwyi0r@yopmail.com,1979,Master Trois,Alumni
Elziar,CARTINGE,cartinge.76vi7d7k@yopmail.com,1991,Master Quatre,Alumni
Exilire,DEUSKAR,deuskar.8rvoa48n@yopmail.com,1976,Master Un,Alumni
Imogène,BOURIFET,bourifet.58qvw7t7@yopmail.com,1979,Master Deux,Alumni
Archibaud,VISSEA,vissea.lmh8v5sc@yopmail.com,2004,Master Six,Alumni
Hérodas,ZENTZIUS,zentzius.j7rj792f@yopmail.com,2014,Master Un,Alumni
Falmard,ONSINS,onsins.niefyqtn@yopmail.com,2020,Master Un,Alumni
Philodrome,CUDEBERT,cudebert.hvh0dc60@yopmail.com,1970,Master Six,Alumni
Arsédius,WYDEIN,wydein.t6jlin8t@yopmail.com,2021,Master Cinq,Alumni
Elzedard,LAGANDE,lagande.2mbp6iuo@yopmail.com,1997,Master Un,Alumni
Fabre,LIMOUTA,limouta.zsqvbhre@yopmail.com,2006,Master Trois,Alumni
Berthimé,MOUZRAHI,mouzrahi.glpi7xn6@yopmail.com,1982,Master Cinq,Alumni
Elvias,MAIRCEL,maircel.pfpvv0ii@yopmail.com,2017,Master Six,Alumni
Hémias,REDOIN,redoin.f74dfnlx@yopmail.com,2009,Master Cinq,Alumni
Exébuable,CAUVILLE,cauville.o9iup4x4@yopmail.com,2004,Master Six,Alumni
Victorius,BAIALUNA,baialuna.uozv3vii@yopmail.com,2022,Master Un,Alumni
Méville,BUGNEAU,bugneau.8x79nb3y@yopmail.com,1990,Master Trois,Alumni
Nazarias,SALINHAC,salinhac.85hp6j6m@yopmail.com,1970,Master Trois,Alumni
Adalstan,FELETI,feleti.zcuwrnt6@yopmail.com,1992,Master Un,Alumni
Tibérius,MARTHOLD,marthold.77pa04ew@yopmail.com,1978,Master Un,Alumni
Elsédor,ARRICU,arricu.q7qrl7ms@yopmail.com,1978,Master Cinq,Alumni
Arsidias,ALTROCK,altrock.3la01rxi@yopmail.com,2002,Master Quatre,Alumni
Ovélias,CARACATI,caracati.ekmg2spy@yopmail.com,1972,Master Quatre,Alumni
Delphire,SAINGY,saingy.bipg0d3u@yopmail.com,1983,Master Deux,Alumni
Hermélius,BALISTRA,balistra.600psyhg@yopmail.com,2003,Master Cinq,Alumni
Wilmaire,KRERS,krers.55xf18qj@yopmail.com,2003,Master Trois,Alumni
Basiliste,SAIESSE,saiesse.msbujhzp@yopmail.com,1996,Master Quatre,Alumni
Hermicias,SIBILLES,sibilles.jy5qee6k@yopmail.com,1996,Master Cinq,Alumni
Egéas,BIHOUT,bihout.xv8gbrtf@yopmail.com,1988,Master Cinq,Alumni
Thaddéas,ELSY,elsy.gu6vh9bi@yopmail.com,2007,Master Quatre,Alumni
Fidélème,DEWACHE,dewache.f0a9ar4e@yopmail.com,2021,Master Trois,Alumni
Adolphir,GROSBAUD,grosbaud.zn23pyes@yopmail.com,2001,Master Quatre,Alumni
Délinias,DEVRAS,devras.59kvpirt@yopmail.com,2012,Master Un,Alumni
Gracilien,GILLOC,gilloc.o2bks9tf@yopmail.com,1999,Master Un,Alumni
Privat,CLAEYES,claeyes.uqsuawgk@yopmail.com,1997,Master Cinq,Alumni
Exorias,BRUNETT,brunett.l7mxmuh9@yopmail.com,1994,Master Six,Alumni
Calisthème,PAYRUT,payrut.rygppil9@yopmail.com,2014,Master Cinq,Alumni
Auriole,BRALEANT,braleant.ridj5zaa@yopmail.com,1970,Master Quatre,Alumni
Floricien,MALFOTTO,malfotto.8ad8yqwl@yopmail.com,1977,Master Un,Alumni
Florémard,THOUARNE,thouarne.jhubcy9d@yopmail.com,2010,Master Deux,Alumni
Théobule,FUCHAULT,fuchault.t55rms7z@yopmail.com,1988,Master Six,Alumni
Daumond,CHARGRES,chargres.9jcjgj63@yopmail.com,2009,Master Un,Alumni
Arthold,ELLWARDT,ellwardt.agt9mu81@yopmail.com,1984,Master Deux,Alumni
Casilde,GRYTHER,gryther.3nyquzuz@yopmail.com,2006,Master Cinq,Alumni
Estève,GUICHEUR,guicheur.uo75emzn@yopmail.com,1994,Master Cinq,Alumni
Doléas,KARKOFF,karkoff.germrcbk@yopmail.com,2023,Master Deux,Alumni
Codéus,HONCK,honck.l7hu9lzj@yopmail.com,1992,Master Trois,Alumni
Edpha,GRYNOK,grynok.4kibz41w@yopmail.com,1997,Master Six,Alumni
Sicaire,GOUBIAUD,goubiaud.hrtz1nva@yopmail.com,1986,Master Quatre,Alumni
Zéphyrias,PARRISON,parrison.5650c5bk@yopmail.com,2021,Master Trois,Alumni
Fructueux,BARUDU,barudu.48kibw9m@yopmail.com,1990,Master Cinq,Alumni
Hildebrod,LEONC,leonc.ed0oefdy@yopmail.com,1979,Master Quatre,Alumni
Xalapha,MARSELET,marselet.tnj8sbrf@yopmail.com,2003,Master Un,Alumni
Mazerolle,JOURRET,jourret.hpprv27h@yopmail.com,1978,Master Six,Alumni
Anathaniel,KOCING,kocing.yhc1n92p@yopmail.com,1987,Master Six,Alumni
Osinas,BLODELOT,blodelot.w03t4u8f@yopmail.com,1975,Master Un,Alumni
Guildas,ABRESCH,abresch.wpm1rw4q@yopmail.com,1996,Master Trois,Alumni
Escarice,FUROU,furou.yrzuynnb@yopmail.com,1971,Master Un,Alumni
Caméric,REIBERON,reiberon.477fu8o8@yopmail.com,2006,Master Six,Alumni
Henrice,DEBEGHEL,debeghel.esk3s8w3@yopmail.com,2011,Master Cinq,Alumni
Eléazar,BECKVEE,beckvee.6qes0yvx@yopmail.com,2024,Master Deux,Student
Fauvel,ASIMARI,asimari.uetazaw5@yopmail.com,1983,Master Quatre,Alumni
Théophétus,GRASSOUT,grassout.0epu7t29@yopmail.com,2010,Master Six,Alumni
Albain,LUBARNE,lubarne.tfniaf8r@yopmail.com,1977,Master Deux,Alumni
Théodore,REROL,rerol.z85nxgap@yopmail.com,1980,Master Quatre,Alumni
Argélias,ANGEDIEU,angedieu.9y6eclmq@yopmail.com,2014,Master Quatre,Alumni
Doréan,PAGANY,pagany.zbq3ysus@yopmail.com,1994,Master Quatre,Alumni
Noëldas,BOUJOCH,boujoch.o9hmn6js@yopmail.com,2015,Master Un,Alumni
Archidas,CADARC,cadarc.jbns6dlb@yopmail.com,2002,Master Un,Alumni
Mélinien,BOUSSELM,bousselm.2a8mjfkm@yopmail.com,2009,Master Deux,Alumni
Frésius,PODOIN,podoin.t577sadz@yopmail.com,2005,Master Cinq,Alumni
Protector,JONDRIER,jondrier.kzlzfuzp@yopmail.com,2007,Master Quatre,Alumni
Hormien,JOINIER,joinier.2x3oljb4@yopmail.com,1993,Master Un,Alumni
Ezélias,POMIERE,pomiere.17meihjb@yopmail.com,2001,Master Six,Alumni
Olézime,BARREYTE,barreyte.t6040ugx@yopmail.com,1993,Master Six,Alumni
Clophicius,POLYZELE,polyzele.0867w90p@yopmail.com,2019,Master Trois,Alumni
Paulin,ERIGAULT,erigault.2z214jl1@yopmail.com,1988,Master Un,Alumni
Honorade,COUEF,couef.warw44na@yopmail.com,1978,Master Cinq,Alumni
Aldinas,JENUEL,jenuel.uohyvtu1@yopmail.com,1983,Master Trois,Alumni
Henriole,ALFRUNS,alfruns.2qqwbje3@yopmail.com,1987,Master Deux,Alumni
Erbogaste,MOIREY,moirey.hahstld9@yopmail.com,1998,Master Trois,Alumni
Hildas,GINIPRO,ginipro.eiqa7g02@yopmail.com,2022,Master Six,Alumni
Cadet,PLEIX,pleix.pzlk2mks@yopmail.com,2001,Master Deux,Alumni
Holdore,MAUHT,mauht.cxi8cxex@yopmail.com,1982,Master Deux,Alumni
Théodore,LEBROQUY,lebroquy.31noo2yy@yopmail.com,1985,Master Deux,Alumni
Prométhée,SOURSSOU,sourssou.vwt7lv2e@yopmail.com,2013,Master Six,Alumni
Aristofel,PAVOLI,pavoli.3l6tjiid@yopmail.com,2006,Master Un,Alumni
Elmindore,SURTY,surty.zf5ub6ch@yopmail.com,2013,Master Quatre,Alumni
Exéril,DECHAT,dechat.pixbj30c@yopmail.com,2004,Master Quatre,Alumni
Arphile,MAERKLIN,maerklin.32v1loti@yopmail.com,2023,Master Deux,Alumni
Exénophore,OLANESCO,olanesco.m801kba4@yopmail.com,1993,Master Six,Alumni
Fidélias,COUBOT,coubot.u8jupfio@yopmail.com,2005,Master Trois,Alumni
Théodobert,ZENNIGER,zenniger.r48v153q@yopmail.com,1993,Master Six,Alumni
Ulrich,STUMBACH,stumbach.9mohnzbe@yopmail.com,1996,Master Deux,Alumni
Ubaldin,LELABRE,lelabre.ghkgikhw@yopmail.com,1985,Master Trois,Alumni
Eléonias,JEFRELOT,jefrelot.7wnkq5w7@yopmail.com,1984,Master Trois,Alumni
Honorias,EYDIER,eydier.q8p62lkf@yopmail.com,2000,Master Cinq,Alumni
Alvidius,SUBURU,suburu.godtgjnv@yopmail.com,2000,Master Cinq,Alumni
Faust,ZOCORSKY,zocorsky.b3gz7qix@yopmail.com,2002,Master Quatre,Alumni
Maximilien,GONTAULT,gontault.we2lqixi@yopmail.com,1971,Master Cinq,Alumni
Alsème,OUKEL,oukel.fhl5w323@yopmail.com,2014,Master Deux,Alumni
Harmidias,KUBRSECK,kubrseck.ri7e3b1d@yopmail.com,2022,Master Deux,Alumni
Iléas,DELBERCQ,delbercq.6w2ntlj2@yopmail.com,2024,Master Six,Student
Arius,GIRANTE,girante.y7vac9ut@yopmail.com,1976,Master Cinq,Alumni
Godias,ASUNSION,asunsion.ti0lkvnp@yopmail.com,1973,Master Six,Alumni
Florestan,COMINAL,cominal.rw1ljuon@yopmail.com,2009,Master Quatre,Alumni
Antoineau,GONROT,gonrot.o2vksrve@yopmail.com,1974,Master Cinq,Alumni
Phédias,LEXE,lexe.frnycs6x@yopmail.com,1977,Master Quatre,Alumni
Dalbénas,HALKINE,halkine.pupvqdrf@yopmail.com,1983,Master Un,Alumni
Forien,AUFRAIX,aufraix.sxul3kiz@yopmail.com,2007,Master Quatre,Alumni
Berthold,MAYENIN,mayenin.9ixkn0zr@yopmail.com,2008,Master Deux,Alumni
Délinias,DINDAT,dindat.9whr8mhl@yopmail.com,1971,Master Deux,Alumni
Sabinien,FROSATI,frosati.sp4xb4eg@yopmail.com,1985,Master Quatre,Alumni
Célestien,HAFAR,hafar.o7bus6s8@yopmail.com,2003,Master Six,Alumni
Euphrésime,FREJENT,frejent.7nlftddz@yopmail.com,2021,Master Un,Alumni
Donélius,ROGEBOIT,rogeboit.6htjv6vk@yopmail.com,2018,Master Six,Alumni
Avilas,ILVOR,ilvor.kwcpmex3@yopmail.com,1977,Master Quatre,Alumni
Haldore,WELLAR,wellar.v18usokv@yopmail.com,1979,Master Cinq,Alumni
Bertin,DEJANIS,dejanis.smveyvx9@yopmail.com,2001,Master Six,Alumni
Olivarius,BANAFOUS,banafous.fg0089z7@yopmail.com,2009,Master Un,Alumni
Gaudiace,LAUNAUD,launaud.oe4l9vhu@yopmail.com,1999,Master Six,Alumni
Zénas,CURMOND,curmond.z6r4mmkf@yopmail.com,1989,Master Six,Alumni
Erdias,HODER,hoder.hcx6sezu@yopmail.com,2019,Master Un,Alumni
Servais,SPONHER,sponher.8mq6v3aj@yopmail.com,1999,Master Trois,Alumni
Rosélius,LYZON,lyzon.s0y7f1z6@yopmail.com,2016,Master Trois,Alumni
Méridier,PRUNIAC,pruniac.qzfkifgr@yopmail.com,1973,Master Six,Alumni
Elphéas,PECKET,pecket.e31a7v6d@yopmail.com,1990,Master Un,Alumni
Damiel,MOLTI,molti.biuocu0x@yopmail.com,1975,Master Cinq,Alumni
Vaubert,LACIAL,lacial.tu9hyh6s@yopmail.com,1981,Master Trois,Alumni
Polémon,QUINIF,quinif.z8l5cgi5@yopmail.com,1989,Master Deux,Alumni
Edolpha,BEAUDYS,beaudys.85ew4dlo@yopmail.com,1970,Master Cinq,Alumni
Rodrigue,TAHEN,tahen.ej9x54ja@yopmail.com,1982,Master Cinq,Alumni
Elzire,WITIROUW,witirouw.uesmzg73@yopmail.com,2014,Master Deux,Alumni
Wildéveret,QUINZARD,quinzard.2hp4su9o@yopmail.com,2015,Master Trois,Alumni
Philoxime,SEMANCE,semance.jwgkqr88@yopmail.com,1990,Master Cinq,Alumni
Bastian,PREYALTO,preyalto.9bcq54xj@yopmail.com,2004,Master Un,Alumni
Edmile,GHIVARDI,ghivardi.dclrkl0n@yopmail.com,1971,Master Six,Alumni
Arsédus,MOURSAUX,moursaux.943jc0kh@yopmail.com,1996,Master Trois,Alumni
Auréange,DOMBSKI,dombski.htr1z9cz@yopmail.com,1975,Master Deux,Alumni
Célérin,GARDRA,gardra.amjgtryb@yopmail.com,2010,Master Quatre,Alumni
Nicomède,BEMBARD,bembard.dzuy8axy@yopmail.com,1974,Master Quatre,Alumni
Epiphase,UREUN,ureun.7tnpap3u@yopmail.com,1973,Master Cinq,Alumni
Caume,VIDEMAN,videman.aa168wa1@yopmail.com,2015,Master Un,Alumni
Philemon,SOUIRIS,souiris.bsq1iten@yopmail.com,1987,Master Quatre,Alumni
Guérin,CHALLOZ,challoz.f69dy8el@yopmail.com,2014,Master Deux,Alumni
Montfort,GEORGEAN,georgean.tmmxh2va@yopmail.com,1991,Master Cinq,Alumni
Ephémius,DOENLEM,doenlem.51348wq1@yopmail.com,2006,Master Trois,Alumni
Vitalique,ORVIN,orvin.w61wn19d@yopmail.com,2014,Master Six,Alumni
Malésime,THIEAUD,thieaud.gg3ez06u@yopmail.com,1989,Master Six,Alumni
Abérias,BANST,banst.pqn9a2u3@yopmail.com,2006,Master Trois,Alumni
Eliochim,LAPLASIE,laplasie.ntr564wx@yopmail.com,2015,Master Six,Alumni
Thimoléon,MOUHER,mouher.kkppwg2r@yopmail.com,2009,Master Six,Alumni
Cordilius,DIOSIDON,diosidon.64z944s7@yopmail.com,1970,Master Six,Alumni
ELzechias,ROERSCH,roersch.7qxnlzjb@yopmail.com,1988,Master Cinq,Alumni
Onias,DIARS,diars.y05tghuq@yopmail.com,2008,Master Quatre,Alumni
Sévérus,OLLIVRIS,ollivris.3d134w1m@yopmail.com,2011,Master Quatre,Alumni
Isophore,LEGAFF,legaff.qrafggzh@yopmail.com,1995,Master Six,Alumni
Victalien,MALIOGE,malioge.ee9hldx4@yopmail.com,2002,Master Trois,Alumni
Mariolin,GUEYROT,gueyrot.dxakgexq@yopmail.com,1991,Master Trois,Alumni
Giblas,BOUSCOEN,bouscoen.59huvj8e@yopmail.com,1976,Master Un,Alumni
Spirédion,PILEVOIX,pilevoix.944at6du@yopmail.com,2005,Master Un,Alumni
Edée,POWREAU,powreau.nkfqdoqk@yopmail.com,1984,Master Cinq,Alumni
Doristan,CAMEREY,camerey.tsepf90n@yopmail.com,1980,Master Deux,Alumni
Xavien,ROMPF,rompf.ogs56xai@yopmail.com,2003,Master Cinq,Alumni
Doctrove,FILIEUSE,filieuse.n30s8fdu@yopmail.com,1972,Master Trois,Alumni
Philbert,ARRAUX,arraux.htlrya0y@yopmail.com,2018,Master Trois,Alumni
Hévode,CHIFFELE,chiffele.6bly4cqn@yopmail.com,1976,Master Six,Alumni
Basiléus,MATENAR,matenar.3pgz41ik@yopmail.com,2006,Master Quatre,Alumni
Sabius,MAROLD,marold.hxhj5vv2@yopmail.com,1990,Master Quatre,Alumni
Salime,RONVOIZE,ronvoize.cxdlwpjn@yopmail.com,1976,Master Deux,Alumni
Elonias,VERDAIRE,verdaire.rhrqhts2@yopmail.com,1974,Master Cinq,Alumni
Gaspard,ROMICHE,romiche.rtcl1d2g@yopmail.com,2013,Master Trois,Alumni
Nathadus,GILHARDY,gilhardy.scmwsjmd@yopmail.com,2007,Master Deux,Alumni
Vilbond,RINODO,rinodo.nf8nr8rv@yopmail.com,1997,Master Six,Alumni
Adric,TRAINY,trainy.4oyrot0f@yopmail.com,1985,Master Cinq,Alumni
Dartois,PUILEGER,puileger.yxx50mtm@yopmail.com,2011,Master Six,Alumni
Fridien,FENGLET,fenglet.xru8rqbz@yopmail.com,2012,Master Un,Alumni
Augustin,PLEIGE,pleige.5eqbb7j7@yopmail.com,2002,Master Deux,Alumni
Mainville,GOUAZE,gouaze.ckjfud0s@yopmail.com,1970,Master Deux,Alumni
Niophile,FRUCHARS,fruchars.so4f3l2i@yopmail.com,2012,Master Un,Alumni
Aribert,STREUVE,streuve.hglmh0jg@yopmail.com,2018,Master Quatre,Alumni
Willias,GUYLOUET,guylouet.byrcrcey@yopmail.com,1993,Master Six,Alumni
Euzèbe,GUESNOU,guesnou.dhqie8y3@yopmail.com,1981,Master Un,Alumni
Elézard,THIPONT,thipont.kmoftdzn@yopmail.com,1973,Master Cinq,Alumni
Ezaïdas,SUBINI,subini.j2cpehjn@yopmail.com,2012,Master Cinq,Alumni
Zodias,SCHMALT,schmalt.sgt3xlw1@yopmail.com,2015,Master Trois,Alumni
Niziaire,LORCE,lorce.1kl7xeon@yopmail.com,1992,Master Un,Alumni
Véridien,MARGOTTA,margotta.tsg9w93u@yopmail.com,2009,Master Trois,Alumni
Godiste,LEUTEUVE,leuteuve.yoozmgvz@yopmail.com,2004,Master Six,Alumni
Frédéland,DUC,duc.vv8cr1bf@yopmail.com,2003,Master Quatre,Alumni
Guénolé,LADELS,ladels.zjawlg9s@yopmail.com,2021,Master Trois,Alumni
Haldore,NOQUERA,noquera.a98q4hbe@yopmail.com,1978,Master Trois,Alumni
Fromond,FANSTER,fanster.5i1n9ph5@yopmail.com,1989,Master Six,Alumni
Mandosa,BUGNIARD,bugniard.1zcrxlo1@yopmail.com,2007,Master Cinq,Alumni
Aldoriste,DOUISSET,douisset.ks73bobi@yopmail.com,2000,Master Cinq,Alumni
Célius,CHABANOT,chabanot.4uwiqsgw@yopmail.com,1994,Master Cinq,Alumni
Sylvanus,DUSANCY,dusancy.lqv59vkg@yopmail.com,1976,Master Quatre,Alumni
Damibert,CHARLENX,charlenx.9s638jhk@yopmail.com,1973,Master Deux,Alumni
Ermodien,DOMMENEC,dommenec.0vt75le2@yopmail.com,2006,Master Quatre,Alumni
Hélard,BUSTAND,bustand.fzj1dgor@yopmail.com,1994,Master Un,Alumni
Onésiphore,MOYZEL,moyzel.7gu417vh@yopmail.com,2003,Master Deux,Alumni
Humbert,JABOUZOT,jabouzot.9wegprv6@yopmail.com,2004,Master Un,Alumni
Dolard,POURCAIN,pourcain.al4chsrv@yopmail.com,2004,Master Quatre,Alumni
Enémérilde,PALOMAN,paloman.pva396dt@yopmail.com,1986,Master Trois,Alumni
Finéus,DODMAND,dodmand.2z0cwjok@yopmail.com,1994,Master Cinq,Alumni
Nélidor,EFFELY,effely.f73ljiu2@yopmail.com,1990,Master Cinq,Alumni
Fantin,MOPIER,mopier.kfxpvvuc@yopmail.com,1980,Master Cinq,Alumni
Onéphire,GAERNER,gaerner.eb1fe97p@yopmail.com,1985,Master Deux,Alumni
Adamias,FRIMUTH,frimuth.6kvyyejm@yopmail.com,1981,Master Cinq,Alumni
Delphas,PYRLIK,pyrlik.pbpuf6iw@yopmail.com,1992,Master Quatre,Alumni
Théodomire,TELFOUD,telfoud.vroc1eff@yopmail.com,2022,Master Six,Alumni
Olympus,PACCARY,paccary.jccxr9a4@yopmail.com,2018,Master Quatre,Alumni
Filéas,ATANAZE,atanaze.52tlorjr@yopmail.com,1984,Master Cinq,Alumni
Elcidius,BEHUTUNS,behutuns.4zm9ll22@yopmail.com,1984,Master Un,Alumni
Ovélias,GUOURAND,guourand.va3mowfd@yopmail.com,1974,Master Quatre,Alumni
Némédique,CHOUTEY,choutey.h0rvs6n4@yopmail.com,1991,Master Cinq,Alumni
Mariolin,CHAPLON,chaplon.yma6tf04@yopmail.com,1981,Master Un,Alumni
Esidor,CHEMINIT,cheminit.pcari05t@yopmail.com,2008,Master Trois,Alumni
Hermédule,SELAYE,selaye.ufd50zvf@yopmail.com,2018,Master Cinq,Alumni
Anthanase,GYRY,gyry.53c12vm7@yopmail.com,1984,Master Deux,Alumni
Angus,LELOIM,leloim.o4mrdhck@yopmail.com,1990,Master Un,Alumni
Adilon,DEZEUCHE,dezeuche.klld1en2@yopmail.com,2002,Master Quatre,Alumni
Thaddéas,FRIAR,friar.jjbnxu95@yopmail.com,1985,Master Trois,Alumni
Ermengard,PERROL,perrol.pjiiz05w@yopmail.com,1996,Master Trois,Alumni
Bernuald,PLEBEAU,plebeau.j9mm4qss@yopmail.com,2018,Master Quatre,Alumni
Philodelphe,MAINRIEU,mainrieu.9fm3yuo3@yopmail.com,2007,Master Deux,Alumni
Clairin,MOTLUT,motlut.ahbrm6l9@yopmail.com,1985,Master Quatre,Alumni
Guymond,DEFRENOY,defrenoy.f8fczgyk@yopmail.com,2009,Master Cinq,Alumni
Aldelbert,AFFRETTE,affrette.rbrzglbj@yopmail.com,1970,Master Six,Alumni
Donatius,HEIWIG,heiwig.2ojwwmb6@yopmail.com,2016,Master Trois,Alumni
Sylvandre,GEMINY,geminy.kp3c7nqy@yopmail.com,1999,Master Quatre,Alumni
Hugolin,SCHULLE,schulle.driogpsu@yopmail.com,2006,Master Un,Alumni
Tibère,MANNLE,mannle.l9eo6dt1@yopmail.com,1973,Master Un,Alumni
Ajustor,POUBRO,poubro.qt8lo4el@yopmail.com,1972,Master Quatre,Alumni
Théodal,LAY-FRAY,lay-fray.fx8gtgbo@yopmail.com,2015,Master Quatre,Alumni
Eléric,MEMONT,memont.bwip7dnx@yopmail.com,2005,Master Quatre,Alumni
Idoric,LADELS,ladels.9dugik69@yopmail.com,1996,Master Trois,Alumni
Médidas,PANDELES,pandeles.igzkjmjo@yopmail.com,1998,Master Cinq,Alumni
Orvil,HERKES,herkes.kuxp2rza@yopmail.com,2007,Master Deux,Alumni
Spirédon,HASSAERT,hassaert.0d0ivd65@yopmail.com,2014,Master Cinq,Alumni
Nélidor,HUEHON,huehon.qizar88w@yopmail.com,1975,Master Cinq,Alumni
Mayléas,SOLNLEN,solnlen.aknf66u4@yopmail.com,1997,Master Deux,Alumni
Phédor,BOUILAC,bouilac.98f1t19t@yopmail.com,2009,Master Six,Alumni
Prisque,TREBOD,trebod.leg2n49s@yopmail.com,1989,Master Quatre,Alumni
Nizier,BOZONE,bozone.pbf5zk8l@yopmail.com,1980,Master Un,Alumni
Parmélias,STUKY,stuky.ao5nir9d@yopmail.com,1980,Master Trois,Alumni
Eléas,KOHLING,kohling.kan5j58t@yopmail.com,1995,Master Six,Alumni
Viatime,SUBERLUC,suberluc.wlcg274x@yopmail.com,2012,Master Deux,Alumni
Adélardo,ROUYEURE,rouyeure.vp5hr8b6@yopmail.com,2006,Master Un,Alumni
Aldomas,ORTHS,orths.5n1x195n@yopmail.com,2006,Master Trois,Alumni
Oridien,HANDOUX,handoux.hmlmiqgl@yopmail.com,2005,Master Quatre,Alumni
Odelphus,CHESDANE,chesdane.vuxdvxet@yopmail.com,1998,Master Six,Alumni
Adhélard,BATSOENS,batsoens.6o0vztrk@yopmail.com,1991,Master Quatre,Alumni
Euzélien,ROSMUNDA,rosmunda.s7ezbf43@yopmail.com,1984,Master Cinq,Alumni
Damias,PARTHON,parthon.3zfdmwrn@yopmail.com,1998,Master Six,Alumni
Aristofel,PONTSEEL,pontseel.jh1x7hkg@yopmail.com,1999,Master Trois,Alumni
Saturnin,FRUAUD,fruaud.zwlh0fz9@yopmail.com,2022,Master Un,Alumni
Fénon,DOUADOS,douados.yo1qvbpz@yopmail.com,1979,Master Quatre,Alumni
Alvaraise,BONJOT,bonjot.6jzxku8e@yopmail.com,1993,Master Cinq,Alumni
Cécilius,WOEW,woew.0kim4jsu@yopmail.com,2019,Master Trois,Alumni
Alvic,KASMEN,kasmen.m1yl8uok@yopmail.com,2013,Master Cinq,Alumni
Pamphile,ZARNOVER,zarnover.hwludkau@yopmail.com,1992,Master Cinq,Alumni
Ermède,METEUS,meteus.54dcjgpf@yopmail.com,2017,Master Trois,Alumni
Hilairion,CARRIERE,carriere.am1zaew7@yopmail.com,2022,Master Un,Alumni
Pulchérius,PONTOW,pontow.o3tilxvp@yopmail.com,1989,Master Trois,Alumni
Théoval,CUEILLES,cueilles.8zz3rhhz@yopmail.com,1977,Master Trois,Alumni
Camillien,LEHFART,lehfart.456g47b5@yopmail.com,2003,Master Six,Alumni
Roselphe,SKRBIN,skrbin.i7iiqhhy@yopmail.com,2010,Master Un,Alumni
Floribert,BANCAUL,bancaul.hywxu80u@yopmail.com,1983,Master Cinq,Alumni
Clémias,BOEHNING,boehning.xxxzf1r8@yopmail.com,2008,Master Cinq,Alumni
Eudérie,PARVOISE,parvoise.jgnnln5u@yopmail.com,1980,Master Un,Alumni
Berthuis,AUDHUIT,audhuit.lt46w77f@yopmail.com,2020,Master Trois,Alumni
Eliodor,RECAMEIL,recameil.2dxrrukn@yopmail.com,2009,Master Quatre,Alumni
Xavius,PIERAR,pierar.b9xyqtrk@yopmail.com,2015,Master Deux,Alumni
Arsédias,CODABAY,codabay.kzh03yka@yopmail.com,1985,Master Deux,Alumni
Clophidus,KREISCHE,kreische.aw59998b@yopmail.com,1990,Master Quatre,Alumni
Yvenel,VINCHEL,vinchel.62wzdemc@yopmail.com,2004,Master Cinq,Alumni
Eudovic,JENIAUX,jeniaux.g1xkitjh@yopmail.com,1996,Master Six,Alumni
Damboise,FERITSCH,feritsch.r41f76u3@yopmail.com,1999,Master Cinq,Alumni
Etulien,BEDAUSON,bedauson.c0v1u2ag@yopmail.com,2006,Master Trois,Alumni
Fiacre,SAULLES,saulles.4jo1whmh@yopmail.com,1991,Master Quatre,Alumni
Caïn,VAN-HAUW,van-hauw.fxnm1dbq@yopmail.com,1997,Master Quatre,Alumni
Arsélias,MARIDEL,maridel.d6d8n1ru@yopmail.com,1990,Master Six,Alumni
Paulidore,OLLARY,ollary.0ou04bju@yopmail.com,2024,Master Cinq,Student
Antonien,PEIU,peiu.fmsbcr15@yopmail.com,1980,Master Un,Alumni
Othoniel,MANGAREL,mangarel.ne3xa59q@yopmail.com,1998,Master Un,Alumni
Delphin,MILLERT,millert.mgs3dnsx@yopmail.com,1970,Master Deux,Alumni
Claudomer,GARDACHE,gardache.sj2flctj@yopmail.com,1970,Master Cinq,Alumni
Valsin,DAMOREZ,damorez.yqr8rm75@yopmail.com,1979,Master Cinq,Alumni
Guildor,DERUBLE,deruble.x6qhxcue@yopmail.com,2009,Master Quatre,Alumni
Olivien,MARADAU,maradau.u0jj8jq2@yopmail.com,2007,Master Cinq,Alumni
Edésius,DEMENTER,dementer.4xyts5uv@yopmail.com,1986,Master Deux,Alumni
Valdrien,JULICHER,julicher.pqgnflqr@yopmail.com,1990,Master Quatre,Alumni
Rosalbert,PERTUSET,pertuset.3ihe4uvr@yopmail.com,2022,Master Cinq,Alumni
Brunéan,ANKES,ankes.5kjm4mo8@yopmail.com,1998,Master Un,Alumni
Ophrase,FENZLING,fenzling.f3w5irjp@yopmail.com,2011,Master Quatre,Alumni
Imbert,TRONICK,tronick.yvyyukxf@yopmail.com,2022,Master Un,Alumni
Agélias,SUARRES,suarres.9qo7v8ay@yopmail.com,2003,Master Un,Alumni
Elizard,FROEHLIN,froehlin.3mebrwwp@yopmail.com,1984,Master Deux,Alumni
Herménias,DEBETANG,debetang.8ndszmj0@yopmail.com,1979,Master Un,Alumni
Philomore,DENKHAUS,denkhaus.2e2opg0c@yopmail.com,1998,Master Quatre,Alumni
Angénard,KATTOS,kattos.kzd5qq1t@yopmail.com,2005,Master Quatre,Alumni
Hilarias,UZEO,uzeo.690y0af6@yopmail.com,2020,Master Six,Alumni
Idore,LUIGHINI,luighini.6jcfj0hy@yopmail.com,1995,Master Deux,Alumni
Ozélien,TUTONE,tutone.p647yhuu@yopmail.com,2013,Master Cinq,Alumni
Xaviéri,COLLEGE,college.7s9ntpoq@yopmail.com,2009,Master Trois,Alumni
Thaddéus,PARGEIN,pargein.qbey2iu5@yopmail.com,1985,Master Un,Alumni
Claudomer,NIOISE,nioise.fww56kgs@yopmail.com,2003,Master Trois,Alumni
Côme,SURAUT,suraut.rg26ie7t@yopmail.com,1970,Master Trois,Alumni
Auxilien,AUDONIE,audonie.etmkmwzy@yopmail.com,1983,Master Trois,Alumni
Tarsidius,LAPAIS,lapais.k250fys5@yopmail.com,1972,Master Cinq,Alumni
Dorémus,MATORET,matoret.h7s7rlq8@yopmail.com,2009,Master Cinq,Alumni
Bénédict,SINGEANT,singeant.9ler2133@yopmail.com,2002,Master Six,Alumni
Vénéride,CIERG,cierg.ljpb8c8z@yopmail.com,2009,Master Un,Alumni
Maurillon,LECAYER,lecayer.u6gvgib3@yopmail.com,1970,Master Quatre,Alumni
Mérildas,RIBRON,ribron.umssylol@yopmail.com,2023,Master Cinq,Alumni
Gracien,HARHEL,harhel.2csjoqd0@yopmail.com,1979,Master Quatre,Alumni
Adelin,GUICHO,guicho.duvx05ys@yopmail.com,1994,Master Deux,Alumni
Exilire,HYOSET,hyoset.14wpxd2i@yopmail.com,1987,Master Six,Alumni
Frédérien,LISSEQUE,lisseque.qijnnuuo@yopmail.com,2024,Master Quatre,Student
Adelmor,FEINEIS,feineis.sytv4sbx@yopmail.com,2018,Master Deux,Alumni
Wildéveret,ELIER,elier.fn7uhzx3@yopmail.com,2000,Master Cinq,Alumni
Alphorin,COSTOLIN,costolin.97xwwx3c@yopmail.com,1983,Master Deux,Alumni
Timoléon,MALSANGE,malsange.qjyjahho@yopmail.com,2007,Master Quatre,Alumni
Adrianus,HIRAIT,hirait.usfzs4lp@yopmail.com,2003,Master Un,Alumni
Milvius,DEPREENW,depreenw.ub0tqr5r@yopmail.com,1995,Master Quatre,Alumni
Ethémore,GIANNEI,giannei.wbb92a90@yopmail.com,1981,Master Trois,Alumni
Onias,LASSANT,lassant.daswihkm@yopmail.com,1991,Master Six,Alumni
Cynaris,FAUTOU,fautou.5mtbbznb@yopmail.com,2019,Master Cinq,Alumni
Gaudiace,GOTERIE,goterie.3rea601q@yopmail.com,2000,Master Trois,Alumni
Rémias,STUBING,stubing.m6pqf1wm@yopmail.com,1978,Master Six,Alumni
Hédouin,BINOULT,binoult.r89xuoix@yopmail.com,1970,Master Trois,Alumni
Méséus,OREPE,orepe.ltjdoqn8@yopmail.com,1983,Master Deux,Alumni
Gaspard,PLEUNES,pleunes.1pox2agr@yopmail.com,1973,Master Trois,Alumni
Mercédor,MENASCI,menasci.u1yrnu44@yopmail.com,1980,Master Un,Alumni
Ptolémé,ELDERKIN,elderkin.upffjf6t@yopmail.com,1986,Master Quatre,Alumni
Philogène,BOSOLD,bosold.nrjx8ycl@yopmail.com,1999,Master Quatre,Alumni
Adénius,CREVOISY,crevoisy.es5ye50m@yopmail.com,2014,Master Cinq,Alumni
Egéas,PAYMENT,payment.i0gmeqgr@yopmail.com,1972,Master Quatre,Alumni
Caume,DELIGEZ,deligez.5zc09bnw@yopmail.com,2002,Master Un,Alumni
Hermildas,RICHARNE,richarne.fxv7f8os@yopmail.com,1992,Master Trois,Alumni
Zéphrien,DODAINE,dodaine.a046xqx6@yopmail.com,2024,Master Deux,Student
Usélien,GRILHER,grilher.qd0hhgup@yopmail.com,1985,Master Trois,Alumni
Théodebert,ORZABAL,orzabal.xtpinff7@yopmail.com,1998,Master Cinq,Alumni
Ozorus,DIECORD,diecord.1p0lb0a8@yopmail.com,2015,Master Deux,Alumni
Urbain,LAROULIE,laroulie.fewyy9wq@yopmail.com,2011,Master Cinq,Alumni
Denicet,HOERSTER,hoerster.4h9qyjak@yopmail.com,2024,Master Cinq,Student
Félix,OSIMUS,osimus.043l6c1m@yopmail.com,2019,Master Cinq,Alumni
Cazeneuve,JAUTRU,jautru.kr2lon44@yopmail.com,1992,Master Trois,Alumni
Théonicius,AFNEL,afnel.bux90bal@yopmail.com,1992,Master Trois,Alumni
Agobard,RIEUMAU,rieumau.o0irnzsv@yopmail.com,1992,Master Six,Alumni
Thédésias,BECHEYDT,becheydt.ykv5bezv@yopmail.com,2003,Master Quatre,Alumni
Philidore,TOURIEN,tourien.tcphe8sd@yopmail.com,2008,Master Deux,Alumni
Ivain,LEUGEL,leugel.025n8nwx@yopmail.com,1982,Master Six,Alumni
Emélian,RIBIE,ribie.kzr9crzs@yopmail.com,2018,Master Un,Alumni
Adélix,BONAILLE,bonaille.6eu443j9@yopmail.com,1975,Master Cinq,Alumni
Esdras,BASCHING,basching.mk16cvg8@yopmail.com,1985,Master Quatre,Alumni
Cléodémir,VIEHL,viehl.oghe03p8@yopmail.com,1972,Master Six,Alumni
Mélas,VENDORFF,vendorff.ta1nsx0k@yopmail.com,2020,Master Quatre,Alumni
Gaudien,GIACINTE,giacinte.kee55x9q@yopmail.com,2017,Master Un,Alumni
Tarcissius,BIANNES,biannes.f2dj5lfk@yopmail.com,2002,Master Deux,Alumni
Eudénius,BALSAU,balsau.4jn518q8@yopmail.com,2016,Master Un,Alumni
Maxius,RYEUX,ryeux.eaqbca6n@yopmail.com,1987,Master Quatre,Alumni
Dérimède,KLANTE,klante.2yqskqip@yopmail.com,2020,Master Trois,Alumni
Eudénius,BORMORON,bormoron.b9nas1q8@yopmail.com,1992,Master Trois,Alumni
Floraymard,CUPIL,cupil.0siamvva@yopmail.com,2013,Master Cinq,Alumni
Didion,DEBLOYS,debloys.8drbykor@yopmail.com,2001,Master Un,Alumni
Hidulphe,LASSENY,lasseny.szgaxqva@yopmail.com,1992,Master Cinq,Alumni
Alidor,ALAVENNA,alavenna.zfi8awbn@yopmail.com,1978,Master Deux,Alumni
Valdémor,HISSLE,hissle.l4gj6t4u@yopmail.com,2003,Master Cinq,Alumni
Méridier,DYES,dyes.2250n48a@yopmail.com,2010,Master Cinq,Alumni
Zébulon,BROZIK,brozik.502d5e4k@yopmail.com,2014,Master Cinq,Alumni
Ignatien,MOSSING,mossing.4hl5yxs6@yopmail.com,1997,Master Un,Alumni
Ardalion,GENLINCK,genlinck.gshsykd6@yopmail.com,1981,Master Cinq,Alumni
Gilbord,POSSATI,possati.949l0fp9@yopmail.com,1977,Master Deux,Alumni
Cyrélius,KUANT,kuant.xamxakft@yopmail.com,2002,Master Deux,Alumni
Idélas,MAZAGOUX,mazagoux.5nr2elbq@yopmail.com,1991,Master Trois,Alumni
Clodoald,OMOE,omoe.r4zy0ewp@yopmail.com,2007,Master Un,Alumni
Eliphas,PAMPRONI,pamproni.x1g9sbyw@yopmail.com,2022,Master Cinq,Alumni
Hermogène,JOUVAUT,jouvaut.scaxw49i@yopmail.com,2011,Master Quatre,Alumni
Emésidore,COUEDERA,couedera.j3ftbq71@yopmail.com,1971,Master Deux,Alumni
Wilfridiel,ACARMONE,acarmone.1j3kpuql@yopmail.com,2003,Master Six,Alumni
Elydor,TANRADE,tanrade.su1dbeih@yopmail.com,2006,Master Six,Alumni
Aloïs,ZUANELLI,zuanelli.k5od8f1k@yopmail.com,2014,Master Deux,Alumni
Oléus,DUPIK,dupik.7h5qg9tu@yopmail.com,2005,Master Trois,Alumni
Guildas,HOLSDE,holsde.i6d852lh@yopmail.com,1976,Master Trois,Alumni
Auvélien,DALFIOL,dalfiol.g1a4deoi@yopmail.com,1986,Master Un,Alumni
Philogolt,TORIAS,torias.nderx4w2@yopmail.com,2009,Master Trois,Alumni
Vénonce,TAMPONET,tamponet.dcmg0zx2@yopmail.com,1974,Master Quatre,Alumni
Barcille,BIONNIOL,bionniol.aucasdyw@yopmail.com,2022,Master Deux,Alumni
Fidèle,TURBEIL,turbeil.217clx7n@yopmail.com,2020,Master Trois,Alumni
Maubert,LUIGINI,luigini.4p0sls6v@yopmail.com,2024,Master Trois,Student
Gaméliste,GENTTNER,genttner.crxdqnxq@yopmail.com,1975,Master Trois,Alumni
Salustre,LEBABY,lebaby.uewj8trh@yopmail.com,2018,Master Deux,Alumni
Ursel,ULLINGER,ullinger.424j4ek3@yopmail.com,2024,Master Deux,Student
Archilas,BOUSQUAL,bousqual.so4bxbda@yopmail.com,2009,Master Quatre,Alumni
Delvinien,PAUDRY,paudry.ykz8lsuh@yopmail.com,2012,Master Six,Alumni
Fadéus,TUILLON,tuillon.ck1wnk4h@yopmail.com,2001,Master Quatre,Alumni
Félicien,LAENEL,laenel.g89moiow@yopmail.com,1974,Master Trois,Alumni
Valentinien,LESTRELU,lestrelu.gcga8454@yopmail.com,2024,Master Un,Student
Niophile,WETSCHE,wetsche.p3armssl@yopmail.com,2014,Master Deux,Alumni
Mérégilde,BRUECKER,bruecker.zohesfaw@yopmail.com,1987,Master Six,Alumni
Adésime,PHINN,phinn.d8jvftj6@yopmail.com,1997,Master Un,Alumni
Flavius,DANUZO,danuzo.40s1kkky@yopmail.com,2016,Master Cinq,Alumni
Castolin,ANCINO,ancino.8t8a4ewt@yopmail.com,2016,Master Deux,Alumni
Igor,KARPPE,karppe.0tbym69t@yopmail.com,2017,Master Cinq,Alumni
Patricien,INDEGLIO,indeglio.a03zs7py@yopmail.com,1979,Master Deux,Alumni
Marcelin,DASCHKEY,daschkey.0p5ptgyg@yopmail.com,1970,Master Un,Alumni
Adorice,RUVIER,ruvier.o9uj4c05@yopmail.com,2002,Master Un,Alumni
Goderic,WRISBERG,wrisberg.h8mfd30q@yopmail.com,1972,Master Six,Alumni
Théonce,HAVERALS,haverals.9y9058n7@yopmail.com,1984,Master Trois,Alumni
Hilarien,EMPUY,empuy.imbxoe0j@yopmail.com,1994,Master Quatre,Alumni
Wandrille,TRILLAUT,trillaut.i3m9qv0a@yopmail.com,1973,Master Cinq,Alumni
Milphus,CAUBOU,caubou.2ch5pwe4@yopmail.com,1974,Master Six,Alumni
Genest,GREDELUC,gredeluc.sw3r26xm@yopmail.com,2024,Master Cinq,Student
Grégorias,LUPATTI,lupatti.wodhctg7@yopmail.com,1983,Master Trois,Alumni
Ophilien,HAISLAUD,haislaud.b013tkly@yopmail.com,1984,Master Un,Alumni
Cigismond,RIERNER,rierner.ag3o5z0t@yopmail.com,2010,Master Cinq,Alumni
Ogénard,DOWALTER,dowalter.on6f7obz@yopmail.com,2008,Master Deux,Alumni
Philomon,GAUZENES,gauzenes.o28w59z3@yopmail.com,1985,Master Quatre,Alumni
Richonne,PESAUBER,pesauber.2zd5eqk5@yopmail.com,1972,Master Cinq,Alumni
Maxence,LMIRAND,lmirand.axeve9kr@yopmail.com,1972,Master Quatre,Alumni
Philéodore,MATTAU,mattau.wyx0efsy@yopmail.com,1983,Master Un,Alumni
Anséric,GRASSOUT,grassout.ew24q2h6@yopmail.com,2009,Master Un,Alumni
Ampélius,HURDY,hurdy.zkn53e99@yopmail.com,2002,Master Cinq,Alumni
Génophile,FAUCIEL,fauciel.8rjoc1d2@yopmail.com,1983,Master Un,Alumni
Nérée,SINTIGNY,sintigny.8s00ux5h@yopmail.com,1982,Master Quatre,Alumni
Waldebert,PELVENT,pelvent.xrv4irow@yopmail.com,1987,Master Un,Alumni
Nicaire,ABANZ,abanz.6m693d4t@yopmail.com,2001,Master Six,Alumni
Dorilius,LEYNART,leynart.msdjfyzt@yopmail.com,2018,Master Deux,Alumni
Némédique,PRUDHO,prudho.s7wkf2fk@yopmail.com,2004,Master Trois,Alumni
Fleurinard,BIENVAUX,bienvaux.xnbo6qht@yopmail.com,2000,Master Deux,Alumni
Abondien,VOINLE,voinle.qfmln7gv@yopmail.com,2002,Master Quatre,Alumni
Delvian,MORIERRE,morierre.e8sxth5l@yopmail.com,1999,Master Un,Alumni
Fabricien,LOUENANT,louenant.pq1upbdg@yopmail.com,2024,Master Quatre,Student
Célestice,STIHLER,stihler.p9ioanct@yopmail.com,1971,Master Trois,Alumni
Olidias,MEUTHEN,meuthen.el2gwps5@yopmail.com,1974,Master Trois,Alumni
Nazaire,DUCAROI,ducaroi.5jj3kq1e@yopmail.com,1991,Master Quatre,Alumni
Alestide,VERMAUW,vermauw.wjnvprrr@yopmail.com,2002,Master Un,Alumni
Cérénus,ALGARDA,algarda.5l3wugdi@yopmail.com,1987,Master Cinq,Alumni
Diogène,HALLAERS,hallaers.zlw4atje@yopmail.com,2011,Master Cinq,Alumni
Hormien,LAULAT,laulat.8bq4ijhe@yopmail.com,1998,Master Deux,Alumni
Isidore,NAEHR,naehr.xkii60gw@yopmail.com,1981,Master Quatre,Alumni
Guilmard,VIDECHE,videche.fg8gnbf4@yopmail.com,2005,Master Trois,Alumni
Théodoric,PUMMEL,pummel.e9sk46sy@yopmail.com,2015,Master Deux,Alumni
Albien,VIANIN,vianin.h0zc23fj@yopmail.com,2007,Master Quatre,Alumni
Théodebert,FRUBIS,frubis.ffzcr0ck@yopmail.com,1992,Master Deux,Alumni
Claudius,PROUJET,proujet.tv5crx2a@yopmail.com,2013,Master Quatre,Alumni
Florence,SALERNA,salerna.0zt0kopu@yopmail.com,1982,Master Cinq,Alumni
Odunald,MARMAUD,marmaud.6xes32pe@yopmail.com,1970,Master Cinq,Alumni
Alexandrin,LABANEIX,labaneix.v40zn3j0@yopmail.com,1978,Master Quatre,Alumni
Fédélio,LEBOUY,lebouy.qwbs7ig4@yopmail.com,1979,Master Quatre,Alumni
Thalicius,GILHARDY,gilhardy.0f53l172@yopmail.com,2022,Master Deux,Alumni
Omédée,SORVEY,sorvey.sh61vgoe@yopmail.com,1996,Master Un,Alumni
Mathurin,COLOMEE,colomee.51shjsg5@yopmail.com,1974,Master Un,Alumni
Frédor,DAUVEAU,dauveau.63j179fg@yopmail.com,1982,Master Quatre,Alumni
Philonidas,REFUVEIL,refuveil.vyrnrz2s@yopmail.com,1990,Master Six,Alumni
Méraldor,BICQ,bicq.h4hxcwpg@yopmail.com,2024,Master Un,Student
Dionas,DIHLMANN,dihlmann.ztgvudsq@yopmail.com,2001,Master Un,Alumni
Exélas,SERDEAU,serdeau.fqqpz49z@yopmail.com,1993,Master Deux,Alumni
Hilairion,MAETHNER,maethner.3myde3tu@yopmail.com,2007,Master Six,Alumni
Bélaire,LAZEYRES,lazeyres.05ow7hi7@yopmail.com,1988,Master Cinq,Alumni
Tibérius,HOCLFE,hoclfe.1x3wrosg@yopmail.com,2008,Master Trois,Alumni
Célestin,ROCKMANN,rockmann.qyhvz4ej@yopmail.com,1998,Master Six,Alumni
Issadore,STEFAUT,stefaut.kykfsrq2@yopmail.com,2012,Master Trois,Alumni
Normédas,JUMINEL,juminel.ph5d6r1y@yopmail.com,1987,Master Deux,Alumni
Dosithel,BOLZAGUE,bolzague.2f8reesk@yopmail.com,1980,Master Deux,Alumni
Alicien,DENIGUE,denigue.dd6vcara@yopmail.com,1973,Master Cinq,Alumni
Odelbert,LUTTEL,luttel.2ky6c858@yopmail.com,1986,Master Un,Alumni
Vitalique,PATERNY,paterny.r0svaxj5@yopmail.com,1991,Master Un,Alumni
Egédius,ROUFFEYT,rouffeyt.j9la4mq8@yopmail.com,1972,Master Deux,Alumni
Alphard,BURCER,burcer.g6jzzqoq@yopmail.com,2001,Master Trois,Alumni
Mervilus,CLARISS,clariss.a1yb3ume@yopmail.com,1994,Master Quatre,Alumni
Hestorius,MARTHOLD,marthold.z0zs0qi8@yopmail.com,2011,Master Cinq,Alumni
Thérance,CATHAY,cathay.e1x5eyw4@yopmail.com,2023,Master Deux,Alumni
Zéphrien,FERCHT,fercht.iz7wko2h@yopmail.com,1984,Master Trois,Alumni
Adésime,BARILIER,barilier.td3f138s@yopmail.com,2019,Master Quatre,Alumni
Argémie,ROUVIES,rouvies.tv1qvf3v@yopmail.com,1981,Master Trois,Alumni
Clémenceau,KARKOFF,karkoff.r2u9tliv@yopmail.com,1972,Master Trois,Alumni
Flaminien,OCHIENA,ochiena.g54t76uv@yopmail.com,1981,Master Trois,Alumni
Oscar,MONPILET,monpilet.y6blftl8@yopmail.com,2012,Master Cinq,Alumni
Henrien,LUPHE,luphe.0m5oyd7a@yopmail.com,1979,Master Un,Alumni
Géorgias,GIESEEKE,gieseeke.knulvzu6@yopmail.com,1993,Master Six,Alumni
Arsélien,VIEKER,vieker.6mblehei@yopmail.com,2016,Master Quatre,Alumni
Vilmaire,LAUZIT,lauzit.ovtlpbbt@yopmail.com,1987,Master Trois,Alumni
Noëlias,CRUEY,cruey.3zzz8hdk@yopmail.com,2014,Master Cinq,Alumni
Fortunio,TERRAGO,terrago.g553xrbq@yopmail.com,2002,Master Deux,Alumni
Frédigue,RYKERT,rykert.hva0ezwv@yopmail.com,1990,Master Cinq,Alumni
Féréaud,MOUSART,mousart.97md7vky@yopmail.com,1991,Master Deux,Alumni
Théophaste,PISTOLEY,pistoley.64oddio8@yopmail.com,1985,Master Six,Alumni
Guibert,FELLERE,fellere.4b6ckr0b@yopmail.com,1978,Master Quatre,Alumni
Anthanase,ETCHELLE,etchelle.cxoxdrzs@yopmail.com,2006,Master Un,Alumni
Odilas,SANDHOFF,sandhoff.92d3ths2@yopmail.com,1973,Master Quatre,Alumni
Orélien,TRIBIEZ,tribiez.2du64ij5@yopmail.com,1993,Master Quatre,Alumni
Théorode,CALLIEDE,calliede.nunn7np8@yopmail.com,1978,Master Un,Alumni
Tanguy,CHENOI,chenoi.74gtip3e@yopmail.com,1979,Master Quatre,Alumni
Yvelin,JOHIN,johin.y5lfu1a2@yopmail.com,2004,Master Deux,Alumni
Doricien,HOUJOUX,houjoux.apza86k3@yopmail.com,1975,Master Quatre,Alumni
Hélaire,LANCHIE,lanchie.num55w7o@yopmail.com,2017,Master Deux,Alumni
Elséar,RHIMS,rhims.wmkp81do@yopmail.com,2014,Master Deux,Alumni
Florus,GUGLET,guglet.xr21auyg@yopmail.com,1993,Master Six,Alumni
Florisse,KUBEBAUS,kubebaus.ban8d975@yopmail.com,1991,Master Cinq,Alumni
Rochard,VINQUE,vinque.j7mice16@yopmail.com,1984,Master Cinq,Alumni
Prisque,JARROSAY,jarrosay.fvoxu8ut@yopmail.com,1992,Master Quatre,Alumni
Aguillon,HAUPMANN,haupmann.6nherivx@yopmail.com,1982,Master Cinq,Alumni
Elzier,SIELENS,sielens.63tcsv00@yopmail.com,1991,Master Trois,Alumni
Godefrédus,BELLIGNE,belligne.dgj7kg3e@yopmail.com,1994,Master Trois,Alumni
Roméard,LANFER,lanfer.h1s903ig@yopmail.com,1993,Master Un,Alumni
Cléamian,GUINETTE,guinette.dgcjh9br@yopmail.com,2000,Master Trois,Alumni
Elphéas,PIEDSOCQ,piedsocq.y0i69saf@yopmail.com,1979,Master Trois,Alumni
Vendelin,HEBBLING,hebbling.bqxbfzja@yopmail.com,1974,Master Cinq,Alumni
Tarsille,GUESME,guesme.rydyf2r1@yopmail.com,1999,Master Un,Alumni
Floridan,LISSACH,lissach.oykq8egx@yopmail.com,1971,Master Six,Alumni
Cynaris,REUCHARD,reuchard.cvnlh8fk@yopmail.com,1979,Master Deux,Alumni
Sarazin,DARINET,darinet.3j21xktx@yopmail.com,1987,Master Deux,Alumni
Zéliphas,PASQUART,pasquart.xf2xn60s@yopmail.com,1976,Master Trois,Alumni
Dumontet,LAYGNAC,laygnac.9aqbxsul@yopmail.com,2001,Master Six,Alumni
Philicien,DEZERES,dezeres.mtom7ai5@yopmail.com,1997,Master Quatre,Alumni
Dorald,TERTUR,tertur.1ozqqlhf@yopmail.com,2018,Master Deux,Alumni
Rosias,VAUTOUX,vautoux.tgre42ff@yopmail.com,2012,Master Six,Alumni
Théobald,ZIMPFLER,zimpfler.1uuim3r2@yopmail.com,2005,Master Trois,Alumni
Arthélime,BERGDORF,bergdorf.a1ikslqn@yopmail.com,1997,Master Quatre,Alumni
Dolard,COULLAUD,coullaud.hp5w11da@yopmail.com,2023,Master Quatre,Alumni
Ménélias,QUITE,quite.4cowniil@yopmail.com,1979,Master Quatre,Alumni
Philosert,DEMSEN,demsen.v29ras83@yopmail.com,2021,Master Cinq,Alumni
Alosias,DENGLOT,denglot.6iwptqzf@yopmail.com,1976,Master Un,Alumni
Adelan,EUFORBIO,euforbio.66ot25wf@yopmail.com,2021,Master Deux,Alumni
Sophrome,RAVENAEH,ravenaeh.brjt8wf1@yopmail.com,1986,Master Cinq,Alumni
Frésius,BOUYSE,bouyse.fdpg00zf@yopmail.com,1980,Master Un,Alumni
Amour,WAEFLER,waefler.iw23lnef@yopmail.com,1971,Master Deux,Alumni
Zelfrid,PARTOUAT,partouat.yik6j586@yopmail.com,2012,Master Un,Alumni
Validore,CHAPONDS,chaponds.l37bczos@yopmail.com,1979,Master Cinq,Alumni
Mistrain,LAPINSKA,lapinska.gq96urun@yopmail.com,1999,Master Un,Alumni
Célérien,WAUCQUET,waucquet.5e0kr25m@yopmail.com,2017,Master Six,Alumni
Créséophe,DOMMEGER,dommeger.bs4s1xix@yopmail.com,1972,Master Quatre,Alumni
Odélias,BFLIEGER,bflieger.tdvolgij@yopmail.com,2018,Master Quatre,Alumni
Géorgias,BLEUVACQ,bleuvacq.c1tmnjis@yopmail.com,2020,Master Cinq,Alumni
Philomère,ASQUIU,asquiu.raferjzo@yopmail.com,1994,Master Quatre,Alumni
Charléus,DESSENTE,dessente.lca05m2z@yopmail.com,2013,Master Un,Alumni
Bourbeau,GOGUELAK,goguelak.2lre5yrs@yopmail.com,1984,Master Deux,Alumni
Anicet,KREMB,kremb.zt6pwcfw@yopmail.com,2001,Master Un,Alumni
Alphore,PANENTI,panenti.hiju5qc1@yopmail.com,1990,Master Trois,Alumni
Godfred,DEFAZ,defaz.apq20t9o@yopmail.com,1971,Master Deux,Alumni
Osinias,KUNTHER,kunther.q8ilxyu1@yopmail.com,2015,Master Cinq,Alumni
